,T,Y,PARTYID7,IDEO,RELIG,ATTEND,SURV_MODE,SURV_LANG,GENDER,AGE,RACETHNICITY,EDUC5,MARITAL,EMPLOY,INCOME,REGION9,METRO,INTERNET,HOUSING,HOME_TYPE,PHONESERVICE
0,1.0,2.0,1.0,2.0,1.0,2.0,2.0,1.0,2.0,33.0,1.0,5.0,1.0,1.0,14.0,8.0,1.0,1.0,1.0,1.0,4.0
1,1.0,3.0,4.0,4.0,12.0,7.0,2.0,1.0,1.0,22.0,5.0,1.0,5.0,1.0,5.0,7.0,1.0,1.0,2.0,1.0,4.0
2,1.0,1.0,6.0,4.0,1.0,9.0,2.0,1.0,1.0,28.0,1.0,4.0,1.0,1.0,12.0,7.0,1.0,1.0,1.0,1.0,4.0
3,1.0,2.0,4.0,3.0,11.0,2.0,2.0,1.0,2.0,69.0,1.0,3.0,4.0,5.0,8.0,6.0,1.0,1.0,1.0,1.0,2.0
4,0.0,5.0,1.0,1.0,12.0,7.0,2.0,1.0,2.0,32.0,1.0,5.0,1.0,1.0,14.0,9.0,1.0,1.0,2.0,3.0,4.0
5,0.0,1.0,5.0,3.0,1.0,3.0,2.0,1.0,1.0,58.0,1.0,3.0,1.0,1.0,13.0,3.0,1.0,1.0,1.0,1.0,4.0
6,1.0,3.0,2.0,3.0,12.0,6.0,2.0,1.0,2.0,42.0,2.0,3.0,5.0,1.0,1.0,6.0,1.0,1.0,2.0,3.0,5.0
7,1.0,2.0,5.0,5.0,12.0,1.0,2.0,1.0,1.0,70.0,1.0,3.0,6.0,1.0,11.0,9.0,1.0,1.0,1.0,1.0,2.0
8,0.0,4.0,3.0,3.0,10.0,2.0,2.0,1.0,2.0,64.0,1.0,5.0,2.0,6.0,16.0,9.0,0.0,0.0,3.0,1.0,4.0
9,1.0,3.0,1.0,1.0,10.0,1.0,2.0,1.0,2.0,59.0,1.0,3.0,1.0,7.0,14.0,8.0,1.0,1.0,1.0,1.0,4.0
10,0.0,2.0,2.0,3.0,1.0,5.0,2.0,1.0,2.0,38.0,5.0,4.0,5.0,2.0,11.0,3.0,1.0,1.0,1.0,1.0,3.0
11,1.0,1.0,6.0,4.0,12.0,1.0,2.0,1.0,1.0,63.0,1.0,3.0,1.0,5.0,7.0,2.0,1.0,1.0,1.0,4.0,4.0
12,1.0,2.0,4.0,3.0,2.0,2.0,2.0,1.0,2.0,69.0,1.0,4.0,1.0,5.0,9.0,5.0,1.0,1.0,1.0,3.0,4.0
13,0.0,2.0,1.0,2.0,2.0,3.0,2.0,1.0,2.0,54.0,1.0,2.0,1.0,1.0,13.0,3.0,0.0,0.0,1.0,1.0,4.0
14,1.0,3.0,6.0,3.0,11.0,1.0,2.0,1.0,1.0,61.0,1.0,5.0,1.0,5.0,14.0,5.0,1.0,1.0,1.0,1.0,4.0
15,1.0,3.0,4.0,3.0,2.0,1.0,2.0,1.0,2.0,71.0,1.0,3.0,1.0,1.0,9.0,9.0,1.0,1.0,3.0,1.0,4.0
16,0.0,3.0,4.0,3.0,2.0,1.0,2.0,1.0,1.0,69.0,1.0,2.0,2.0,5.0,7.0,6.0,1.0,1.0,1.0,1.0,4.0
17,1.0,1.0,7.0,5.0,2.0,4.0,2.0,1.0,2.0,64.0,1.0,2.0,1.0,2.0,14.0,8.0,1.0,1.0,1.0,1.0,2.0
18,0.0,2.0,7.0,5.0,11.0,4.0,2.0,1.0,1.0,32.0,1.0,1.0,1.0,1.0,3.0,5.0,1.0,1.0,1.0,4.0,4.0
19,0.0,3.0,5.0,3.0,1.0,2.0,2.0,1.0,2.0,60.0,1.0,2.0,5.0,5.0,10.0,5.0,1.0,1.0,1.0,1.0,2.0
20,0.0,1.0,7.0,3.0,2.0,8.0,2.0,1.0,1.0,47.0,1.0,3.0,3.0,1.0,8.0,7.0,1.0,1.0,1.0,1.0,3.0
21,0.0,1.0,7.0,5.0,1.0,2.0,2.0,1.0,2.0,66.0,1.0,3.0,1.0,6.0,12.0,2.0,1.0,1.0,1.0,1.0,2.0
22,0.0,1.0,5.0,5.0,1.0,3.0,2.0,1.0,1.0,64.0,1.0,3.0,5.0,1.0,10.0,8.0,1.0,1.0,2.0,3.0,4.0
23,1.0,5.0,2.0,2.0,12.0,9.0,2.0,1.0,1.0,49.0,2.0,3.0,3.0,2.0,8.0,6.0,1.0,1.0,1.0,3.0,2.0
24,0.0,1.0,7.0,5.0,1.0,8.0,2.0,1.0,2.0,53.0,1.0,2.0,5.0,1.0,6.0,2.0,1.0,1.0,1.0,3.0,2.0
25,1.0,2.0,1.0,4.0,12.0,4.0,2.0,1.0,2.0,58.0,2.0,2.0,6.0,1.0,2.0,7.0,1.0,1.0,2.0,1.0,4.0
26,1.0,3.0,2.0,3.0,12.0,3.0,2.0,1.0,2.0,29.0,2.0,3.0,5.0,1.0,18.0,2.0,1.0,1.0,1.0,1.0,2.0
27,1.0,3.0,4.0,4.0,1.0,9.0,2.0,1.0,1.0,31.0,1.0,3.0,1.0,1.0,13.0,9.0,1.0,1.0,1.0,3.0,4.0
28,1.0,3.0,1.0,3.0,2.0,3.0,2.0,1.0,2.0,70.0,1.0,3.0,3.0,5.0,5.0,7.0,1.0,1.0,1.0,1.0,2.0
29,0.0,5.0,1.0,1.0,11.0,2.0,2.0,1.0,2.0,30.0,1.0,5.0,5.0,1.0,11.0,5.0,1.0,1.0,2.0,1.0,4.0
30,0.0,1.0,7.0,3.0,2.0,3.0,2.0,1.0,2.0,34.0,1.0,3.0,1.0,1.0,16.0,3.0,1.0,1.0,1.0,1.0,2.0
31,0.0,3.0,4.0,3.0,11.0,1.0,2.0,1.0,2.0,37.0,1.0,4.0,5.0,1.0,8.0,7.0,1.0,1.0,2.0,3.0,4.0
32,1.0,2.0,2.0,2.0,11.0,1.0,2.0,1.0,2.0,29.0,1.0,3.0,1.0,1.0,14.0,8.0,1.0,1.0,1.0,1.0,4.0
33,0.0,1.0,3.0,4.0,12.0,2.0,2.0,1.0,2.0,35.0,2.0,3.0,6.0,1.0,6.0,5.0,1.0,0.0,2.0,3.0,4.0
34,1.0,2.0,5.0,3.0,11.0,2.0,2.0,1.0,1.0,54.0,2.0,4.0,3.0,2.0,10.0,5.0,1.0,1.0,2.0,3.0,4.0
35,1.0,4.0,3.0,3.0,1.0,5.0,2.0,1.0,2.0,76.0,1.0,3.0,3.0,5.0,11.0,8.0,1.0,1.0,1.0,1.0,3.0
36,1.0,2.0,1.0,2.0,1.0,8.0,2.0,1.0,1.0,77.0,1.0,3.0,1.0,5.0,13.0,8.0,1.0,1.0,1.0,1.0,2.0
37,1.0,5.0,7.0,5.0,2.0,3.0,2.0,1.0,1.0,54.0,1.0,3.0,4.0,5.0,9.0,5.0,1.0,0.0,1.0,1.0,3.0
38,0.0,2.0,1.0,3.0,2.0,6.0,2.0,1.0,2.0,43.0,1.0,4.0,1.0,1.0,14.0,1.0,1.0,1.0,2.0,2.0,2.0
39,1.0,5.0,1.0,1.0,9.0,1.0,2.0,1.0,1.0,46.0,1.0,5.0,1.0,1.0,15.0,9.0,1.0,1.0,1.0,1.0,4.0
40,1.0,3.0,4.0,4.0,11.0,1.0,2.0,1.0,1.0,30.0,2.0,2.0,6.0,1.0,11.0,3.0,1.0,1.0,1.0,1.0,4.0
41,1.0,2.0,3.0,3.0,11.0,1.0,2.0,1.0,2.0,32.0,1.0,5.0,1.0,1.0,14.0,4.0,1.0,1.0,1.0,1.0,4.0
42,0.0,3.0,4.0,4.0,6.0,8.0,2.0,1.0,1.0,50.0,1.0,4.0,1.0,1.0,9.0,9.0,1.0,1.0,1.0,1.0,4.0
43,1.0,2.0,1.0,1.0,12.0,6.0,2.0,1.0,1.0,30.0,2.0,2.0,6.0,1.0,2.0,5.0,1.0,1.0,1.0,1.0,4.0
44,1.0,1.0,7.0,3.0,1.0,8.0,2.0,1.0,2.0,90.0,1.0,3.0,3.0,5.0,4.0,8.0,1.0,1.0,1.0,1.0,2.0
45,0.0,1.0,4.0,4.0,12.0,9.0,2.0,1.0,1.0,68.0,5.0,5.0,1.0,1.0,9.0,6.0,1.0,1.0,1.0,1.0,3.0
46,0.0,5.0,1.0,1.0,11.0,4.0,2.0,1.0,2.0,31.0,1.0,5.0,5.0,1.0,13.0,1.0,1.0,1.0,1.0,3.0,4.0
47,0.0,1.0,5.0,3.0,2.0,3.0,2.0,1.0,1.0,35.0,1.0,5.0,1.0,1.0,12.0,2.0,1.0,1.0,1.0,1.0,4.0
48,0.0,4.0,1.0,1.0,9.0,1.0,2.0,1.0,1.0,28.0,1.0,3.0,1.0,2.0,17.0,9.0,1.0,1.0,1.0,1.0,4.0
49,0.0,3.0,4.0,4.0,2.0,8.0,2.0,1.0,1.0,74.0,1.0,3.0,1.0,5.0,6.0,7.0,0.0,1.0,1.0,1.0,4.0
50,0.0,1.0,1.0,3.0,11.0,1.0,2.0,1.0,2.0,53.0,1.0,5.0,4.0,2.0,10.0,9.0,1.0,1.0,1.0,1.0,3.0
51,0.0,1.0,4.0,3.0,11.0,1.0,2.0,1.0,2.0,30.0,1.0,3.0,5.0,1.0,5.0,2.0,1.0,1.0,1.0,1.0,2.0
52,0.0,1.0,5.0,3.0,1.0,3.0,2.0,1.0,2.0,43.0,1.0,3.0,3.0,1.0,9.0,5.0,0.0,1.0,2.0,4.0,4.0
53,0.0,2.0,6.0,5.0,10.0,2.0,2.0,1.0,1.0,39.0,1.0,4.0,5.0,1.0,10.0,3.0,0.0,1.0,2.0,3.0,4.0
54,0.0,2.0,1.0,2.0,8.0,4.0,2.0,1.0,2.0,32.0,6.0,5.0,5.0,1.0,11.0,1.0,1.0,1.0,2.0,3.0,4.0
55,1.0,3.0,1.0,3.0,1.0,8.0,2.0,1.0,2.0,61.0,2.0,4.0,4.0,4.0,8.0,5.0,1.0,1.0,2.0,3.0,4.0
56,1.0,4.0,7.0,5.0,1.0,5.0,2.0,1.0,2.0,78.0,1.0,3.0,6.0,5.0,5.0,3.0,0.0,1.0,1.0,1.0,2.0
57,0.0,1.0,4.0,3.0,2.0,2.0,2.0,1.0,1.0,59.0,1.0,3.0,1.0,1.0,16.0,2.0,1.0,1.0,1.0,1.0,1.0
58,1.0,4.0,3.0,3.0,10.0,1.0,2.0,1.0,2.0,60.0,1.0,3.0,3.0,1.0,8.0,6.0,1.0,1.0,1.0,1.0,4.0
59,1.0,1.0,4.0,3.0,11.0,3.0,2.0,1.0,1.0,35.0,1.0,4.0,1.0,1.0,10.0,8.0,0.0,1.0,2.0,1.0,4.0
60,0.0,3.0,4.0,3.0,1.0,2.0,2.0,1.0,2.0,50.0,1.0,5.0,5.0,1.0,8.0,5.0,1.0,1.0,1.0,1.0,3.0
61,0.0,1.0,5.0,3.0,12.0,2.0,2.0,1.0,1.0,46.0,1.0,4.0,3.0,1.0,12.0,3.0,1.0,1.0,2.0,3.0,4.0
62,1.0,1.0,4.0,4.0,12.0,2.0,2.0,1.0,2.0,29.0,2.0,2.0,5.0,1.0,4.0,4.0,1.0,1.0,2.0,2.0,4.0
63,1.0,1.0,6.0,3.0,12.0,4.0,2.0,1.0,2.0,65.0,1.0,3.0,1.0,6.0,4.0,5.0,1.0,0.0,1.0,1.0,4.0
64,0.0,2.0,2.0,1.0,11.0,3.0,2.0,1.0,1.0,28.0,1.0,4.0,5.0,1.0,5.0,5.0,1.0,1.0,2.0,3.0,4.0
65,1.0,3.0,2.0,3.0,12.0,2.0,2.0,1.0,1.0,63.0,1.0,4.0,1.0,1.0,13.0,3.0,1.0,1.0,1.0,1.0,2.0
66,1.0,1.0,6.0,4.0,1.0,9.0,2.0,1.0,1.0,65.0,1.0,5.0,1.0,1.0,14.0,8.0,1.0,1.0,1.0,1.0,3.0
67,0.0,4.0,2.0,3.0,11.0,1.0,2.0,1.0,1.0,24.0,1.0,3.0,5.0,1.0,11.0,9.0,1.0,1.0,3.0,1.0,2.0
68,1.0,4.0,1.0,2.0,12.0,1.0,2.0,1.0,1.0,32.0,1.0,3.0,1.0,1.0,6.0,5.0,1.0,1.0,2.0,3.0,4.0
69,0.0,3.0,3.0,3.0,10.0,2.0,2.0,1.0,2.0,59.0,6.0,5.0,1.0,5.0,4.0,3.0,1.0,1.0,1.0,1.0,2.0
70,0.0,2.0,6.0,4.0,1.0,5.0,2.0,1.0,2.0,77.0,1.0,2.0,4.0,5.0,10.0,6.0,1.0,1.0,2.0,1.0,4.0
71,0.0,4.0,3.0,3.0,2.0,5.0,2.0,1.0,2.0,67.0,1.0,4.0,5.0,5.0,12.0,8.0,1.0,0.0,1.0,1.0,3.0
72,0.0,2.0,1.0,3.0,5.0,1.0,2.0,1.0,1.0,72.0,1.0,5.0,1.0,5.0,18.0,8.0,1.0,1.0,1.0,1.0,4.0
73,0.0,3.0,3.0,3.0,1.0,7.0,2.0,1.0,2.0,82.0,1.0,4.0,1.0,5.0,13.0,4.0,1.0,1.0,1.0,1.0,2.0
74,1.0,4.0,7.0,5.0,1.0,9.0,2.0,1.0,2.0,82.0,1.0,3.0,2.0,5.0,8.0,5.0,1.0,1.0,1.0,1.0,3.0
75,0.0,1.0,6.0,4.0,1.0,4.0,2.0,1.0,2.0,64.0,1.0,2.0,1.0,5.0,11.0,6.0,0.0,1.0,1.0,1.0,3.0
76,0.0,3.0,4.0,3.0,8.0,5.0,2.0,1.0,1.0,48.0,6.0,5.0,1.0,1.0,14.0,7.0,1.0,1.0,1.0,1.0,2.0
77,1.0,2.0,4.0,3.0,11.0,1.0,2.0,1.0,1.0,60.0,1.0,3.0,3.0,1.0,11.0,8.0,1.0,1.0,3.0,1.0,4.0
78,1.0,2.0,3.0,3.0,10.0,2.0,2.0,1.0,2.0,25.0,1.0,3.0,5.0,1.0,9.0,6.0,1.0,1.0,2.0,3.0,4.0
79,1.0,1.0,5.0,4.0,1.0,9.0,2.0,1.0,1.0,58.0,1.0,3.0,1.0,6.0,13.0,6.0,1.0,1.0,1.0,1.0,4.0
80,1.0,3.0,4.0,3.0,12.0,3.0,2.0,1.0,2.0,22.0,1.0,3.0,5.0,4.0,5.0,4.0,1.0,1.0,1.0,4.0,2.0
81,1.0,4.0,3.0,3.0,1.0,3.0,2.0,1.0,2.0,79.0,1.0,3.0,2.0,5.0,9.0,2.0,1.0,1.0,1.0,2.0,3.0
82,0.0,2.0,4.0,3.0,4.0,3.0,2.0,1.0,1.0,76.0,1.0,4.0,1.0,5.0,7.0,3.0,0.0,1.0,1.0,1.0,3.0
83,0.0,3.0,5.0,4.0,12.0,1.0,2.0,1.0,2.0,65.0,1.0,2.0,3.0,1.0,5.0,3.0,1.0,1.0,1.0,1.0,4.0
84,0.0,4.0,1.0,1.0,11.0,2.0,2.0,1.0,2.0,23.0,2.0,3.0,5.0,7.0,7.0,5.0,1.0,1.0,1.0,1.0,2.0
85,1.0,1.0,7.0,5.0,1.0,2.0,2.0,1.0,2.0,40.0,1.0,2.0,1.0,7.0,8.0,5.0,1.0,1.0,2.0,3.0,4.0
86,1.0,3.0,2.0,5.0,11.0,1.0,2.0,1.0,1.0,30.0,1.0,3.0,6.0,1.0,18.0,1.0,1.0,1.0,1.0,1.0,2.0
87,1.0,4.0,3.0,3.0,1.0,3.0,2.0,1.0,1.0,36.0,2.0,4.0,1.0,1.0,13.0,5.0,1.0,1.0,2.0,3.0,4.0
88,0.0,1.0,7.0,5.0,1.0,1.0,2.0,1.0,1.0,73.0,1.0,4.0,1.0,5.0,13.0,8.0,1.0,1.0,1.0,1.0,2.0
89,0.0,2.0,3.0,3.0,11.0,1.0,2.0,1.0,2.0,63.0,2.0,3.0,5.0,6.0,10.0,9.0,1.0,1.0,1.0,2.0,4.0
90,0.0,1.0,5.0,3.0,3.0,6.0,2.0,1.0,2.0,44.0,1.0,3.0,1.0,1.0,14.0,8.0,1.0,1.0,1.0,1.0,4.0
91,1.0,3.0,2.0,3.0,12.0,5.0,2.0,1.0,1.0,36.0,6.0,5.0,1.0,1.0,13.0,9.0,1.0,1.0,2.0,3.0,4.0
92,0.0,5.0,2.0,3.0,4.0,2.0,2.0,1.0,2.0,39.0,1.0,5.0,1.0,2.0,3.0,9.0,1.0,1.0,2.0,3.0,4.0
93,0.0,3.0,7.0,3.0,12.0,4.0,2.0,1.0,2.0,56.0,1.0,2.0,4.0,1.0,11.0,6.0,1.0,1.0,3.0,1.0,4.0
94,1.0,1.0,7.0,5.0,1.0,7.0,2.0,1.0,2.0,79.0,1.0,3.0,1.0,5.0,13.0,5.0,1.0,1.0,1.0,1.0,3.0
95,1.0,1.0,4.0,4.0,6.0,8.0,2.0,1.0,1.0,34.0,3.0,5.0,1.0,1.0,5.0,7.0,1.0,1.0,1.0,3.0,4.0
96,1.0,3.0,3.0,3.0,1.0,8.0,2.0,1.0,2.0,34.0,1.0,4.0,1.0,1.0,12.0,5.0,0.0,1.0,1.0,1.0,4.0
97,0.0,1.0,2.0,3.0,1.0,2.0,2.0,1.0,2.0,67.0,1.0,4.0,1.0,5.0,13.0,4.0,1.0,1.0,1.0,1.0,4.0
98,1.0,1.0,5.0,3.0,10.0,2.0,2.0,1.0,2.0,40.0,1.0,4.0,5.0,4.0,4.0,7.0,1.0,1.0,3.0,1.0,2.0
99,1.0,5.0,1.0,1.0,11.0,1.0,2.0,1.0,1.0,72.0,1.0,3.0,1.0,5.0,11.0,9.0,1.0,1.0,1.0,1.0,4.0
100,0.0,1.0,1.0,3.0,11.0,1.0,2.0,1.0,2.0,29.0,1.0,2.0,5.0,7.0,11.0,4.0,1.0,1.0,2.0,1.0,4.0
101,1.0,3.0,1.0,3.0,2.0,7.0,2.0,1.0,2.0,68.0,1.0,3.0,1.0,5.0,11.0,4.0,0.0,1.0,1.0,1.0,4.0
102,1.0,1.0,6.0,3.0,10.0,1.0,2.0,1.0,1.0,52.0,1.0,3.0,1.0,7.0,9.0,5.0,1.0,1.0,1.0,1.0,4.0
103,1.0,4.0,4.0,3.0,11.0,4.0,2.0,1.0,1.0,27.0,1.0,3.0,1.0,1.0,7.0,5.0,1.0,1.0,2.0,3.0,4.0
104,0.0,1.0,5.0,3.0,10.0,3.0,2.0,1.0,1.0,48.0,1.0,4.0,1.0,2.0,18.0,9.0,1.0,1.0,1.0,1.0,2.0
105,1.0,5.0,1.0,1.0,12.0,4.0,2.0,1.0,2.0,34.0,2.0,4.0,4.0,4.0,11.0,6.0,1.0,1.0,1.0,1.0,4.0
106,0.0,1.0,7.0,-1.0,12.0,9.0,2.0,1.0,2.0,68.0,1.0,3.0,1.0,5.0,11.0,5.0,0.0,1.0,1.0,1.0,4.0
107,1.0,5.0,7.0,4.0,1.0,7.0,2.0,1.0,1.0,65.0,1.0,2.0,1.0,1.0,11.0,4.0,0.0,1.0,2.0,1.0,3.0
108,0.0,1.0,3.0,3.0,9.0,1.0,2.0,1.0,2.0,64.0,1.0,4.0,3.0,1.0,12.0,8.0,1.0,1.0,1.0,1.0,4.0
109,0.0,5.0,1.0,2.0,12.0,1.0,2.0,1.0,1.0,45.0,2.0,3.0,5.0,1.0,7.0,3.0,1.0,1.0,1.0,1.0,2.0
110,1.0,4.0,4.0,4.0,11.0,1.0,2.0,1.0,1.0,61.0,1.0,3.0,1.0,5.0,16.0,5.0,1.0,1.0,1.0,1.0,3.0
111,0.0,3.0,4.0,3.0,1.0,9.0,2.0,1.0,2.0,53.0,2.0,3.0,5.0,1.0,5.0,7.0,1.0,1.0,2.0,1.0,4.0
112,1.0,2.0,4.0,3.0,11.0,1.0,2.0,1.0,1.0,55.0,2.0,3.0,3.0,1.0,4.0,2.0,1.0,0.0,2.0,3.0,4.0
113,0.0,2.0,6.0,4.0,2.0,4.0,2.0,1.0,2.0,32.0,1.0,3.0,1.0,1.0,10.0,3.0,0.0,1.0,1.0,1.0,4.0
114,1.0,1.0,2.0,3.0,6.0,9.0,2.0,1.0,1.0,34.0,3.0,3.0,5.0,3.0,15.0,9.0,1.0,1.0,2.0,2.0,5.0
115,0.0,2.0,2.0,3.0,2.0,4.0,2.0,1.0,2.0,33.0,1.0,4.0,1.0,7.0,14.0,2.0,1.0,1.0,1.0,1.0,4.0
116,1.0,1.0,7.0,4.0,2.0,1.0,2.0,1.0,1.0,56.0,1.0,3.0,1.0,1.0,14.0,3.0,1.0,1.0,1.0,1.0,4.0
117,0.0,1.0,7.0,5.0,1.0,9.0,2.0,1.0,2.0,61.0,1.0,4.0,1.0,5.0,17.0,9.0,1.0,1.0,1.0,1.0,2.0
118,1.0,5.0,1.0,3.0,1.0,7.0,2.0,1.0,2.0,73.0,1.0,5.0,1.0,5.0,14.0,5.0,1.0,1.0,1.0,1.0,4.0
119,1.0,1.0,4.0,5.0,2.0,2.0,2.0,1.0,2.0,74.0,1.0,2.0,4.0,5.0,15.0,5.0,1.0,1.0,2.0,1.0,4.0
120,1.0,3.0,2.0,3.0,1.0,3.0,2.0,1.0,1.0,30.0,1.0,4.0,3.0,1.0,11.0,4.0,1.0,1.0,2.0,3.0,4.0
121,1.0,1.0,7.0,4.0,2.0,8.0,2.0,1.0,1.0,34.0,1.0,4.0,1.0,2.0,8.0,4.0,0.0,1.0,1.0,1.0,2.0
122,0.0,1.0,7.0,4.0,2.0,2.0,2.0,1.0,2.0,67.0,1.0,4.0,1.0,6.0,13.0,9.0,1.0,1.0,1.0,1.0,3.0
123,1.0,2.0,3.0,4.0,12.0,8.0,2.0,1.0,2.0,61.0,2.0,3.0,5.0,1.0,4.0,7.0,1.0,1.0,1.0,1.0,4.0
124,0.0,2.0,2.0,3.0,12.0,4.0,2.0,1.0,2.0,50.0,2.0,4.0,1.0,2.0,13.0,5.0,1.0,1.0,1.0,1.0,4.0
125,1.0,2.0,2.0,3.0,1.0,6.0,2.0,1.0,2.0,28.0,2.0,4.0,5.0,7.0,2.0,7.0,1.0,1.0,2.0,3.0,4.0
126,0.0,1.0,7.0,4.0,1.0,7.0,2.0,1.0,1.0,80.0,1.0,4.0,1.0,5.0,11.0,2.0,1.0,1.0,1.0,1.0,3.0
127,0.0,2.0,1.0,1.0,1.0,2.0,2.0,1.0,1.0,78.0,1.0,3.0,1.0,5.0,11.0,9.0,1.0,1.0,1.0,2.0,4.0
128,1.0,1.0,3.0,5.0,1.0,8.0,2.0,1.0,1.0,28.0,1.0,2.0,6.0,6.0,4.0,8.0,1.0,1.0,2.0,3.0,1.0
129,1.0,3.0,4.0,4.0,12.0,3.0,2.0,1.0,1.0,77.0,1.0,2.0,1.0,5.0,13.0,3.0,1.0,1.0,1.0,1.0,3.0
130,0.0,2.0,1.0,3.0,9.0,1.0,2.0,1.0,1.0,58.0,1.0,4.0,5.0,1.0,10.0,7.0,1.0,1.0,2.0,3.0,4.0
131,0.0,1.0,4.0,4.0,11.0,1.0,2.0,1.0,2.0,41.0,1.0,2.0,3.0,4.0,1.0,2.0,1.0,1.0,1.0,1.0,4.0
132,0.0,1.0,7.0,5.0,1.0,1.0,2.0,1.0,1.0,71.0,1.0,3.0,3.0,5.0,10.0,5.0,1.0,1.0,1.0,4.0,2.0
133,0.0,5.0,2.0,3.0,2.0,4.0,2.0,1.0,1.0,45.0,1.0,5.0,1.0,1.0,17.0,6.0,1.0,1.0,1.0,1.0,4.0
134,0.0,1.0,7.0,5.0,1.0,9.0,2.0,1.0,1.0,46.0,4.0,3.0,1.0,1.0,12.0,8.0,1.0,1.0,1.0,2.0,4.0
135,0.0,5.0,6.0,3.0,11.0,1.0,2.0,1.0,1.0,33.0,4.0,3.0,5.0,1.0,4.0,9.0,1.0,0.0,2.0,1.0,4.0
136,1.0,3.0,1.0,2.0,9.0,2.0,2.0,1.0,1.0,35.0,1.0,3.0,6.0,1.0,4.0,9.0,1.0,1.0,2.0,3.0,4.0
137,1.0,3.0,4.0,-1.0,14.0,1.0,2.0,1.0,1.0,30.0,2.0,3.0,5.0,1.0,8.0,3.0,1.0,1.0,1.0,1.0,4.0
138,0.0,1.0,4.0,4.0,12.0,7.0,2.0,1.0,1.0,43.0,1.0,5.0,1.0,1.0,9.0,7.0,1.0,1.0,1.0,1.0,3.0
139,0.0,1.0,5.0,5.0,2.0,8.0,2.0,1.0,1.0,80.0,1.0,3.0,1.0,5.0,9.0,3.0,1.0,1.0,1.0,1.0,1.0
140,0.0,3.0,1.0,3.0,2.0,2.0,2.0,1.0,1.0,60.0,1.0,3.0,1.0,1.0,14.0,2.0,1.0,1.0,1.0,1.0,2.0
141,0.0,4.0,5.0,3.0,12.0,4.0,2.0,1.0,2.0,52.0,1.0,4.0,4.0,1.0,10.0,2.0,1.0,1.0,1.0,2.0,4.0
142,1.0,2.0,5.0,4.0,2.0,4.0,2.0,1.0,1.0,31.0,4.0,2.0,5.0,4.0,4.0,9.0,1.0,1.0,1.0,1.0,4.0
143,1.0,5.0,7.0,4.0,2.0,8.0,2.0,1.0,1.0,57.0,1.0,4.0,1.0,1.0,15.0,4.0,1.0,1.0,1.0,1.0,4.0
144,1.0,1.0,7.0,4.0,11.0,1.0,2.0,1.0,1.0,34.0,1.0,4.0,1.0,1.0,8.0,6.0,1.0,1.0,2.0,1.0,4.0
145,1.0,3.0,1.0,3.0,1.0,2.0,2.0,1.0,1.0,89.0,1.0,2.0,3.0,5.0,9.0,4.0,0.0,1.0,1.0,1.0,2.0
146,0.0,3.0,1.0,1.0,1.0,4.0,2.0,1.0,1.0,28.0,2.0,3.0,5.0,1.0,5.0,5.0,1.0,1.0,1.0,1.0,4.0
147,1.0,3.0,4.0,2.0,11.0,1.0,2.0,1.0,1.0,30.0,2.0,4.0,5.0,2.0,7.0,7.0,1.0,1.0,2.0,1.0,4.0
148,1.0,4.0,4.0,3.0,10.0,2.0,2.0,1.0,1.0,53.0,1.0,4.0,1.0,1.0,15.0,1.0,1.0,1.0,1.0,1.0,2.0
149,1.0,3.0,6.0,4.0,2.0,5.0,2.0,1.0,1.0,77.0,1.0,3.0,1.0,5.0,9.0,8.0,1.0,1.0,1.0,1.0,3.0
150,0.0,1.0,2.0,3.0,10.0,1.0,2.0,1.0,1.0,43.0,4.0,3.0,1.0,4.0,14.0,9.0,1.0,1.0,1.0,1.0,4.0
151,0.0,2.0,1.0,3.0,2.0,2.0,2.0,1.0,2.0,34.0,1.0,3.0,1.0,1.0,11.0,3.0,0.0,1.0,1.0,1.0,4.0
152,1.0,2.0,7.0,4.0,2.0,7.0,2.0,1.0,2.0,41.0,4.0,4.0,6.0,3.0,8.0,2.0,1.0,1.0,1.0,1.0,4.0
153,0.0,2.0,5.0,3.0,1.0,6.0,2.0,1.0,2.0,78.0,1.0,3.0,2.0,5.0,7.0,9.0,1.0,1.0,1.0,1.0,2.0
154,0.0,3.0,1.0,2.0,1.0,8.0,2.0,1.0,2.0,76.0,4.0,5.0,1.0,5.0,9.0,2.0,1.0,1.0,1.0,2.0,3.0
155,1.0,1.0,6.0,3.0,2.0,2.0,2.0,1.0,1.0,57.0,4.0,3.0,1.0,1.0,12.0,4.0,1.0,0.0,1.0,1.0,4.0
156,1.0,1.0,7.0,3.0,1.0,2.0,2.0,1.0,1.0,41.0,1.0,3.0,3.0,1.0,6.0,2.0,0.0,1.0,2.0,3.0,4.0
157,1.0,2.0,2.0,3.0,12.0,2.0,2.0,1.0,2.0,37.0,4.0,3.0,5.0,1.0,11.0,9.0,1.0,1.0,2.0,3.0,4.0
158,1.0,5.0,3.0,3.0,10.0,3.0,2.0,1.0,2.0,69.0,1.0,5.0,1.0,5.0,16.0,5.0,1.0,1.0,1.0,1.0,4.0
159,1.0,2.0,6.0,2.0,12.0,4.0,2.0,1.0,2.0,54.0,1.0,3.0,3.0,1.0,8.0,8.0,1.0,1.0,2.0,1.0,4.0
160,1.0,1.0,7.0,4.0,2.0,4.0,2.0,1.0,1.0,74.0,1.0,4.0,1.0,5.0,13.0,5.0,1.0,1.0,1.0,1.0,3.0
161,0.0,1.0,4.0,3.0,2.0,7.0,2.0,1.0,1.0,47.0,4.0,4.0,1.0,1.0,14.0,5.0,1.0,1.0,1.0,1.0,2.0
162,1.0,3.0,3.0,3.0,1.0,6.0,2.0,1.0,2.0,72.0,5.0,5.0,2.0,5.0,10.0,5.0,1.0,1.0,1.0,1.0,2.0
163,1.0,4.0,3.0,3.0,14.0,3.0,2.0,1.0,2.0,76.0,1.0,5.0,1.0,5.0,13.0,1.0,1.0,1.0,1.0,1.0,2.0
164,1.0,3.0,2.0,3.0,12.0,4.0,2.0,1.0,1.0,41.0,2.0,2.0,5.0,1.0,1.0,3.0,1.0,1.0,2.0,3.0,4.0
165,1.0,2.0,1.0,1.0,2.0,4.0,2.0,1.0,2.0,40.0,4.0,4.0,5.0,1.0,2.0,2.0,1.0,1.0,2.0,3.0,5.0
166,0.0,2.0,1.0,3.0,11.0,2.0,2.0,1.0,2.0,36.0,4.0,4.0,1.0,1.0,17.0,9.0,1.0,1.0,2.0,3.0,2.0
167,0.0,4.0,1.0,2.0,11.0,1.0,2.0,1.0,2.0,63.0,1.0,3.0,1.0,5.0,3.0,4.0,0.0,1.0,1.0,1.0,2.0
168,1.0,1.0,4.0,4.0,11.0,1.0,2.0,1.0,1.0,32.0,2.0,1.0,5.0,7.0,6.0,5.0,1.0,0.0,2.0,1.0,4.0
169,1.0,4.0,6.0,5.0,1.0,7.0,2.0,1.0,1.0,78.0,1.0,2.0,1.0,5.0,6.0,3.0,0.0,1.0,1.0,1.0,2.0
170,0.0,2.0,7.0,5.0,12.0,8.0,2.0,1.0,2.0,64.0,1.0,2.0,1.0,5.0,12.0,3.0,0.0,1.0,1.0,1.0,4.0
171,1.0,4.0,5.0,3.0,12.0,2.0,2.0,1.0,2.0,34.0,1.0,3.0,4.0,1.0,11.0,5.0,1.0,1.0,2.0,1.0,4.0
172,1.0,3.0,1.0,3.0,1.0,4.0,2.0,1.0,2.0,51.0,2.0,3.0,1.0,1.0,9.0,3.0,1.0,1.0,2.0,2.0,4.0
173,0.0,2.0,4.0,3.0,12.0,7.0,2.0,1.0,2.0,47.0,4.0,4.0,1.0,1.0,12.0,5.0,1.0,1.0,1.0,1.0,4.0
174,1.0,4.0,3.0,1.0,5.0,3.0,2.0,1.0,1.0,27.0,1.0,4.0,5.0,1.0,3.0,9.0,1.0,1.0,2.0,3.0,4.0
175,1.0,3.0,6.0,4.0,1.0,3.0,2.0,1.0,2.0,56.0,1.0,3.0,1.0,1.0,15.0,8.0,0.0,1.0,1.0,1.0,1.0
176,1.0,1.0,6.0,2.0,1.0,4.0,2.0,1.0,2.0,65.0,4.0,3.0,1.0,5.0,5.0,8.0,1.0,1.0,1.0,1.0,3.0
177,0.0,4.0,4.0,3.0,10.0,1.0,2.0,1.0,1.0,52.0,1.0,3.0,1.0,5.0,13.0,9.0,1.0,1.0,1.0,1.0,2.0
178,1.0,2.0,2.0,3.0,1.0,2.0,2.0,1.0,1.0,65.0,2.0,3.0,5.0,1.0,13.0,1.0,1.0,1.0,1.0,1.0,2.0
179,0.0,2.0,3.0,3.0,12.0,8.0,2.0,1.0,1.0,36.0,2.0,3.0,1.0,1.0,9.0,7.0,1.0,1.0,2.0,2.0,4.0
180,1.0,1.0,7.0,4.0,12.0,1.0,2.0,1.0,2.0,59.0,1.0,3.0,1.0,2.0,12.0,5.0,1.0,1.0,1.0,3.0,3.0
181,0.0,1.0,7.0,5.0,2.0,8.0,2.0,1.0,1.0,71.0,1.0,3.0,1.0,1.0,10.0,2.0,0.0,1.0,1.0,1.0,3.0
182,1.0,1.0,5.0,4.0,12.0,8.0,2.0,1.0,2.0,48.0,1.0,4.0,1.0,1.0,10.0,3.0,1.0,1.0,1.0,1.0,3.0
183,1.0,5.0,7.0,3.0,4.0,4.0,2.0,1.0,2.0,68.0,1.0,2.0,4.0,5.0,3.0,5.0,1.0,1.0,1.0,3.0,1.0
184,0.0,3.0,6.0,4.0,1.0,7.0,2.0,1.0,1.0,70.0,1.0,3.0,1.0,1.0,10.0,6.0,1.0,1.0,1.0,1.0,2.0
185,1.0,3.0,2.0,3.0,2.0,8.0,2.0,1.0,1.0,34.0,6.0,4.0,1.0,7.0,11.0,6.0,1.0,1.0,3.0,3.0,4.0
186,1.0,2.0,3.0,1.0,14.0,3.0,2.0,1.0,2.0,47.0,1.0,4.0,1.0,1.0,7.0,8.0,1.0,1.0,2.0,1.0,4.0
187,1.0,1.0,7.0,4.0,2.0,7.0,2.0,1.0,2.0,64.0,4.0,3.0,1.0,7.0,18.0,7.0,1.0,1.0,1.0,1.0,2.0
188,0.0,1.0,5.0,3.0,1.0,6.0,2.0,1.0,1.0,40.0,1.0,3.0,1.0,2.0,14.0,9.0,1.0,0.0,2.0,1.0,4.0
189,1.0,2.0,5.0,4.0,1.0,2.0,2.0,1.0,2.0,82.0,1.0,2.0,3.0,5.0,5.0,1.0,1.0,1.0,1.0,3.0,1.0
190,0.0,5.0,2.0,3.0,2.0,8.0,2.0,1.0,1.0,48.0,4.0,3.0,1.0,1.0,2.0,2.0,1.0,1.0,2.0,3.0,4.0
191,1.0,1.0,5.0,3.0,12.0,3.0,2.0,1.0,2.0,65.0,1.0,3.0,1.0,5.0,10.0,9.0,1.0,1.0,1.0,1.0,1.0
192,0.0,2.0,4.0,3.0,10.0,3.0,2.0,1.0,1.0,58.0,1.0,3.0,1.0,2.0,10.0,3.0,0.0,1.0,1.0,1.0,4.0
193,0.0,1.0,4.0,3.0,2.0,1.0,2.0,1.0,1.0,23.0,1.0,2.0,5.0,4.0,13.0,5.0,1.0,1.0,2.0,3.0,4.0
194,1.0,2.0,7.0,5.0,12.0,8.0,2.0,1.0,2.0,33.0,1.0,5.0,1.0,1.0,11.0,5.0,1.0,1.0,1.0,1.0,4.0
195,0.0,1.0,5.0,3.0,1.0,6.0,2.0,1.0,2.0,49.0,1.0,3.0,1.0,1.0,15.0,9.0,1.0,1.0,1.0,1.0,4.0
196,1.0,4.0,7.0,5.0,12.0,7.0,2.0,1.0,2.0,56.0,1.0,3.0,1.0,1.0,10.0,5.0,1.0,0.0,2.0,1.0,1.0
197,1.0,1.0,5.0,3.0,2.0,3.0,2.0,1.0,1.0,40.0,1.0,3.0,3.0,1.0,10.0,7.0,1.0,1.0,1.0,1.0,4.0
198,0.0,2.0,7.0,5.0,1.0,8.0,2.0,1.0,2.0,53.0,2.0,3.0,3.0,1.0,10.0,7.0,1.0,1.0,1.0,1.0,4.0
199,0.0,3.0,2.0,3.0,1.0,2.0,2.0,1.0,2.0,65.0,1.0,3.0,1.0,5.0,12.0,4.0,0.0,1.0,1.0,1.0,3.0
200,0.0,1.0,7.0,5.0,1.0,9.0,2.0,1.0,2.0,40.0,1.0,5.0,1.0,2.0,9.0,4.0,1.0,1.0,1.0,1.0,4.0
201,1.0,4.0,1.0,3.0,5.0,4.0,2.0,1.0,2.0,65.0,5.0,3.0,1.0,2.0,7.0,4.0,1.0,0.0,1.0,1.0,4.0
202,1.0,1.0,6.0,3.0,14.0,4.0,2.0,1.0,2.0,32.0,5.0,3.0,1.0,6.0,5.0,5.0,0.0,1.0,2.0,1.0,4.0
203,1.0,2.0,1.0,2.0,2.0,4.0,2.0,1.0,2.0,54.0,4.0,3.0,1.0,1.0,10.0,2.0,1.0,1.0,1.0,1.0,4.0
204,1.0,3.0,3.0,2.0,10.0,1.0,2.0,1.0,2.0,40.0,1.0,3.0,1.0,1.0,12.0,2.0,1.0,1.0,2.0,3.0,4.0
205,0.0,4.0,1.0,1.0,1.0,1.0,2.0,1.0,1.0,47.0,1.0,4.0,5.0,1.0,13.0,6.0,1.0,1.0,1.0,1.0,4.0
206,0.0,1.0,1.0,3.0,2.0,8.0,2.0,1.0,1.0,76.0,4.0,3.0,5.0,5.0,4.0,8.0,1.0,0.0,1.0,1.0,4.0
207,1.0,2.0,4.0,3.0,2.0,6.0,2.0,1.0,2.0,58.0,1.0,5.0,1.0,1.0,18.0,3.0,1.0,1.0,1.0,1.0,2.0
208,1.0,2.0,4.0,3.0,1.0,8.0,2.0,1.0,2.0,58.0,2.0,4.0,1.0,1.0,13.0,5.0,1.0,1.0,1.0,1.0,4.0
209,1.0,4.0,4.0,3.0,12.0,5.0,2.0,1.0,2.0,34.0,1.0,3.0,6.0,2.0,1.0,5.0,0.0,0.0,1.0,4.0,4.0
210,0.0,3.0,3.0,1.0,11.0,2.0,2.0,1.0,2.0,31.0,2.0,3.0,6.0,7.0,5.0,8.0,1.0,1.0,1.0,1.0,4.0
211,1.0,3.0,3.0,3.0,1.0,9.0,2.0,1.0,2.0,74.0,1.0,2.0,1.0,5.0,6.0,7.0,0.0,1.0,1.0,1.0,3.0
212,1.0,2.0,6.0,3.0,11.0,7.0,2.0,1.0,1.0,32.0,1.0,3.0,1.0,2.0,5.0,9.0,1.0,0.0,2.0,3.0,4.0
213,0.0,3.0,6.0,3.0,12.0,2.0,2.0,1.0,1.0,32.0,1.0,2.0,5.0,1.0,6.0,3.0,0.0,1.0,2.0,3.0,4.0
214,0.0,3.0,3.0,3.0,12.0,5.0,2.0,1.0,2.0,40.0,4.0,3.0,1.0,1.0,7.0,2.0,1.0,1.0,2.0,3.0,5.0
215,0.0,4.0,2.0,3.0,12.0,3.0,2.0,1.0,1.0,68.0,2.0,2.0,1.0,5.0,3.0,2.0,1.0,0.0,2.0,3.0,4.0
216,1.0,5.0,7.0,4.0,12.0,1.0,2.0,1.0,2.0,47.0,1.0,3.0,1.0,2.0,10.0,5.0,1.0,1.0,1.0,1.0,4.0
217,1.0,2.0,4.0,3.0,11.0,1.0,2.0,1.0,2.0,44.0,1.0,4.0,1.0,7.0,14.0,5.0,1.0,1.0,1.0,1.0,4.0
218,1.0,5.0,3.0,3.0,11.0,3.0,2.0,1.0,1.0,73.0,1.0,3.0,1.0,5.0,11.0,3.0,1.0,1.0,1.0,1.0,3.0
219,1.0,3.0,1.0,2.0,12.0,4.0,2.0,1.0,1.0,52.0,4.0,2.0,3.0,6.0,8.0,8.0,0.0,1.0,2.0,2.0,4.0
220,0.0,1.0,5.0,4.0,1.0,2.0,2.0,1.0,1.0,27.0,1.0,3.0,1.0,1.0,10.0,2.0,1.0,1.0,1.0,4.0,2.0
221,1.0,1.0,4.0,3.0,12.0,5.0,2.0,1.0,1.0,41.0,1.0,3.0,1.0,1.0,15.0,9.0,1.0,1.0,2.0,1.0,4.0
222,0.0,3.0,2.0,3.0,12.0,3.0,2.0,1.0,2.0,39.0,4.0,1.0,6.0,6.0,6.0,7.0,1.0,1.0,2.0,2.0,2.0
223,0.0,3.0,2.0,5.0,12.0,2.0,2.0,1.0,1.0,60.0,3.0,3.0,1.0,6.0,17.0,1.0,1.0,1.0,1.0,1.0,4.0
224,1.0,1.0,1.0,1.0,1.0,1.0,2.0,1.0,2.0,67.0,1.0,3.0,3.0,1.0,7.0,1.0,1.0,1.0,1.0,2.0,4.0
225,1.0,4.0,1.0,1.0,11.0,4.0,2.0,1.0,2.0,38.0,1.0,5.0,1.0,1.0,16.0,3.0,1.0,1.0,1.0,1.0,4.0
226,0.0,5.0,1.0,2.0,10.0,7.0,2.0,1.0,1.0,27.0,1.0,4.0,1.0,1.0,13.0,4.0,1.0,1.0,1.0,1.0,4.0
227,0.0,2.0,3.0,3.0,10.0,3.0,2.0,1.0,2.0,68.0,1.0,5.0,2.0,5.0,13.0,3.0,1.0,1.0,1.0,1.0,2.0
228,0.0,2.0,7.0,5.0,1.0,2.0,2.0,1.0,1.0,61.0,1.0,2.0,3.0,1.0,17.0,9.0,1.0,1.0,1.0,1.0,4.0
229,1.0,2.0,6.0,3.0,12.0,8.0,2.0,1.0,2.0,38.0,1.0,4.0,1.0,1.0,12.0,4.0,1.0,1.0,1.0,1.0,4.0
230,0.0,4.0,7.0,2.0,11.0,1.0,2.0,1.0,2.0,31.0,1.0,3.0,1.0,1.0,9.0,8.0,1.0,1.0,1.0,4.0,4.0
231,1.0,1.0,7.0,5.0,1.0,9.0,2.0,1.0,2.0,85.0,1.0,3.0,2.0,5.0,6.0,6.0,1.0,1.0,1.0,1.0,3.0
232,0.0,1.0,1.0,2.0,11.0,1.0,2.0,1.0,2.0,24.0,5.0,3.0,5.0,1.0,6.0,9.0,1.0,1.0,2.0,3.0,4.0
233,0.0,2.0,6.0,3.0,2.0,2.0,2.0,1.0,1.0,61.0,4.0,4.0,2.0,1.0,14.0,9.0,1.0,1.0,1.0,1.0,3.0
234,1.0,2.0,3.0,3.0,11.0,4.0,2.0,1.0,2.0,36.0,4.0,4.0,1.0,7.0,9.0,9.0,1.0,1.0,2.0,3.0,4.0
235,1.0,2.0,4.0,3.0,11.0,1.0,2.0,1.0,1.0,66.0,3.0,4.0,6.0,6.0,6.0,5.0,0.0,1.0,2.0,1.0,3.0
236,1.0,4.0,5.0,2.0,2.0,5.0,2.0,1.0,2.0,45.0,1.0,3.0,5.0,2.0,11.0,5.0,1.0,1.0,2.0,2.0,2.0
237,1.0,3.0,5.0,3.0,1.0,2.0,2.0,1.0,2.0,83.0,1.0,3.0,1.0,5.0,14.0,6.0,1.0,1.0,1.0,1.0,3.0
238,0.0,1.0,7.0,5.0,12.0,9.0,2.0,1.0,2.0,70.0,1.0,3.0,3.0,1.0,8.0,1.0,1.0,1.0,1.0,4.0,4.0
239,1.0,3.0,1.0,3.0,1.0,6.0,2.0,1.0,2.0,36.0,4.0,3.0,1.0,7.0,6.0,9.0,1.0,1.0,2.0,3.0,4.0
240,1.0,5.0,1.0,1.0,7.0,2.0,2.0,1.0,2.0,27.0,1.0,5.0,6.0,1.0,14.0,1.0,1.0,1.0,2.0,3.0,4.0
241,0.0,3.0,1.0,3.0,1.0,5.0,2.0,1.0,2.0,57.0,2.0,3.0,1.0,1.0,10.0,2.0,1.0,1.0,1.0,1.0,3.0
242,0.0,4.0,4.0,1.0,3.0,4.0,2.0,1.0,1.0,39.0,1.0,3.0,5.0,1.0,5.0,8.0,1.0,0.0,2.0,3.0,4.0
243,1.0,1.0,3.0,4.0,2.0,3.0,2.0,1.0,2.0,46.0,1.0,4.0,5.0,1.0,15.0,4.0,1.0,1.0,2.0,1.0,2.0
244,0.0,1.0,4.0,4.0,12.0,1.0,2.0,1.0,1.0,30.0,1.0,2.0,5.0,1.0,4.0,4.0,1.0,1.0,2.0,1.0,4.0
245,0.0,3.0,1.0,2.0,2.0,2.0,2.0,1.0,2.0,63.0,1.0,3.0,3.0,1.0,4.0,1.0,1.0,1.0,1.0,1.0,4.0
246,1.0,4.0,1.0,1.0,5.0,2.0,2.0,1.0,2.0,27.0,1.0,5.0,5.0,1.0,11.0,5.0,1.0,1.0,2.0,3.0,4.0
247,1.0,1.0,2.0,2.0,2.0,6.0,2.0,1.0,2.0,36.0,4.0,3.0,5.0,1.0,4.0,9.0,1.0,1.0,2.0,3.0,4.0
248,0.0,1.0,7.0,5.0,12.0,8.0,2.0,1.0,2.0,43.0,1.0,2.0,5.0,1.0,11.0,8.0,1.0,1.0,1.0,1.0,2.0
249,0.0,1.0,5.0,4.0,1.0,3.0,2.0,1.0,1.0,70.0,1.0,3.0,1.0,5.0,8.0,1.0,0.0,1.0,1.0,1.0,2.0
250,0.0,4.0,3.0,1.0,9.0,3.0,2.0,1.0,2.0,46.0,1.0,5.0,1.0,1.0,9.0,3.0,1.0,1.0,1.0,1.0,4.0
251,0.0,2.0,5.0,3.0,12.0,4.0,2.0,1.0,2.0,54.0,4.0,3.0,3.0,1.0,15.0,8.0,1.0,1.0,1.0,1.0,4.0
252,1.0,5.0,7.0,5.0,12.0,6.0,2.0,1.0,2.0,66.0,1.0,4.0,1.0,1.0,12.0,5.0,1.0,1.0,1.0,1.0,4.0
253,1.0,4.0,3.0,3.0,2.0,4.0,2.0,1.0,1.0,75.0,1.0,5.0,1.0,5.0,18.0,1.0,1.0,1.0,1.0,1.0,3.0
254,0.0,1.0,4.0,3.0,1.0,8.0,2.0,1.0,2.0,57.0,1.0,5.0,1.0,1.0,16.0,9.0,1.0,1.0,1.0,1.0,3.0
255,0.0,1.0,1.0,3.0,2.0,2.0,2.0,1.0,1.0,69.0,1.0,3.0,2.0,2.0,13.0,9.0,1.0,1.0,2.0,3.0,4.0
256,0.0,3.0,4.0,3.0,12.0,3.0,2.0,1.0,2.0,32.0,2.0,3.0,5.0,1.0,7.0,4.0,0.0,1.0,2.0,1.0,4.0
257,1.0,2.0,5.0,3.0,10.0,4.0,2.0,1.0,1.0,31.0,1.0,3.0,1.0,1.0,11.0,6.0,1.0,1.0,1.0,1.0,4.0
258,0.0,3.0,2.0,5.0,11.0,1.0,2.0,1.0,1.0,24.0,4.0,3.0,5.0,4.0,5.0,9.0,1.0,1.0,2.0,3.0,4.0
259,0.0,1.0,3.0,3.0,1.0,6.0,2.0,1.0,1.0,31.0,4.0,3.0,1.0,1.0,7.0,5.0,1.0,1.0,2.0,3.0,4.0
260,1.0,3.0,4.0,3.0,2.0,3.0,2.0,1.0,2.0,71.0,5.0,2.0,3.0,5.0,9.0,8.0,1.0,1.0,2.0,3.0,4.0
261,1.0,3.0,4.0,2.0,1.0,6.0,2.0,1.0,2.0,55.0,2.0,3.0,3.0,4.0,5.0,3.0,1.0,0.0,2.0,3.0,4.0
262,1.0,1.0,1.0,1.0,9.0,1.0,2.0,1.0,1.0,58.0,3.0,3.0,1.0,1.0,11.0,2.0,1.0,1.0,1.0,1.0,3.0
263,1.0,1.0,5.0,3.0,2.0,6.0,2.0,1.0,1.0,68.0,1.0,4.0,3.0,5.0,15.0,1.0,1.0,1.0,1.0,1.0,2.0
264,0.0,1.0,7.0,4.0,1.0,6.0,2.0,1.0,2.0,71.0,4.0,4.0,3.0,1.0,9.0,7.0,1.0,1.0,1.0,1.0,4.0
265,1.0,5.0,3.0,3.0,11.0,1.0,2.0,1.0,1.0,62.0,1.0,4.0,1.0,5.0,15.0,9.0,1.0,1.0,1.0,1.0,4.0
266,1.0,2.0,6.0,3.0,5.0,2.0,2.0,1.0,1.0,84.0,1.0,4.0,1.0,1.0,10.0,7.0,1.0,1.0,2.0,3.0,4.0
267,0.0,1.0,7.0,5.0,12.0,3.0,2.0,1.0,1.0,24.0,1.0,3.0,5.0,1.0,4.0,4.0,1.0,1.0,1.0,1.0,4.0
268,0.0,3.0,2.0,2.0,2.0,2.0,2.0,1.0,2.0,36.0,4.0,3.0,5.0,1.0,6.0,8.0,1.0,0.0,1.0,1.0,4.0
269,1.0,3.0,2.0,3.0,2.0,1.0,2.0,1.0,1.0,21.0,4.0,3.0,5.0,7.0,7.0,9.0,1.0,1.0,3.0,3.0,2.0
270,1.0,5.0,1.0,1.0,13.0,2.0,2.0,1.0,1.0,25.0,1.0,3.0,6.0,2.0,10.0,4.0,1.0,1.0,1.0,1.0,4.0
271,1.0,4.0,1.0,2.0,11.0,4.0,2.0,1.0,1.0,64.0,1.0,5.0,1.0,1.0,15.0,5.0,1.0,1.0,2.0,1.0,2.0
272,1.0,3.0,6.0,4.0,1.0,8.0,2.0,1.0,1.0,48.0,1.0,3.0,1.0,1.0,10.0,4.0,1.0,1.0,1.0,1.0,3.0
273,0.0,2.0,2.0,3.0,11.0,5.0,2.0,1.0,1.0,23.0,4.0,3.0,6.0,1.0,4.0,7.0,0.0,1.0,1.0,1.0,2.0
274,1.0,2.0,6.0,3.0,1.0,7.0,2.0,1.0,2.0,37.0,1.0,3.0,1.0,7.0,11.0,5.0,1.0,1.0,1.0,1.0,4.0
275,1.0,3.0,2.0,2.0,11.0,3.0,2.0,1.0,2.0,27.0,2.0,3.0,4.0,1.0,5.0,9.0,1.0,1.0,1.0,1.0,4.0
276,0.0,4.0,7.0,5.0,1.0,2.0,2.0,1.0,1.0,82.0,1.0,3.0,1.0,5.0,6.0,8.0,1.0,1.0,1.0,1.0,3.0
277,0.0,1.0,5.0,3.0,13.0,1.0,2.0,1.0,1.0,71.0,1.0,3.0,1.0,5.0,4.0,2.0,1.0,1.0,3.0,1.0,3.0
278,1.0,4.0,1.0,1.0,1.0,3.0,2.0,1.0,1.0,36.0,1.0,4.0,1.0,1.0,9.0,7.0,0.0,1.0,2.0,2.0,4.0
279,0.0,3.0,4.0,3.0,12.0,8.0,2.0,1.0,2.0,53.0,2.0,3.0,1.0,1.0,13.0,2.0,1.0,1.0,2.0,2.0,4.0
280,0.0,3.0,4.0,4.0,12.0,2.0,2.0,1.0,1.0,36.0,2.0,3.0,1.0,1.0,9.0,6.0,0.0,1.0,2.0,2.0,4.0
281,1.0,2.0,5.0,3.0,12.0,3.0,2.0,1.0,2.0,35.0,1.0,3.0,1.0,1.0,13.0,6.0,1.0,1.0,1.0,1.0,4.0
282,0.0,2.0,6.0,3.0,1.0,2.0,2.0,1.0,1.0,63.0,1.0,3.0,3.0,1.0,10.0,8.0,0.0,1.0,1.0,4.0,4.0
283,0.0,2.0,5.0,4.0,1.0,1.0,2.0,1.0,1.0,61.0,1.0,3.0,2.0,6.0,6.0,4.0,0.0,1.0,1.0,1.0,2.0
284,0.0,3.0,4.0,3.0,2.0,8.0,2.0,1.0,1.0,52.0,1.0,3.0,4.0,1.0,7.0,8.0,1.0,0.0,1.0,3.0,4.0
285,1.0,1.0,4.0,3.0,11.0,1.0,2.0,1.0,2.0,34.0,1.0,3.0,5.0,1.0,9.0,1.0,0.0,1.0,2.0,4.0,4.0
286,0.0,2.0,6.0,3.0,12.0,1.0,2.0,1.0,1.0,63.0,1.0,4.0,3.0,1.0,8.0,4.0,1.0,0.0,3.0,1.0,4.0
287,0.0,3.0,2.0,3.0,2.0,8.0,2.0,1.0,1.0,59.0,4.0,1.0,5.0,4.0,2.0,9.0,1.0,1.0,2.0,3.0,2.0
288,0.0,4.0,1.0,3.0,14.0,7.0,2.0,1.0,2.0,68.0,1.0,3.0,4.0,2.0,7.0,9.0,1.0,1.0,2.0,5.0,4.0
289,1.0,1.0,5.0,4.0,12.0,4.0,2.0,1.0,1.0,40.0,1.0,3.0,3.0,1.0,7.0,3.0,0.0,1.0,1.0,1.0,4.0
290,1.0,2.0,6.0,3.0,11.0,3.0,2.0,1.0,1.0,61.0,1.0,3.0,6.0,1.0,14.0,2.0,1.0,1.0,1.0,1.0,4.0
291,1.0,1.0,4.0,-1.0,1.0,7.0,2.0,1.0,1.0,32.0,3.0,3.0,1.0,2.0,12.0,5.0,1.0,1.0,1.0,1.0,2.0
292,0.0,2.0,3.0,3.0,1.0,6.0,2.0,1.0,1.0,64.0,1.0,5.0,1.0,2.0,18.0,8.0,0.0,1.0,1.0,1.0,1.0
293,0.0,2.0,2.0,3.0,1.0,8.0,2.0,1.0,2.0,67.0,1.0,3.0,1.0,5.0,13.0,9.0,1.0,1.0,1.0,1.0,2.0
294,1.0,2.0,7.0,3.0,2.0,5.0,2.0,1.0,1.0,27.0,2.0,3.0,1.0,4.0,5.0,8.0,1.0,1.0,2.0,2.0,4.0
295,1.0,3.0,4.0,4.0,12.0,2.0,2.0,1.0,1.0,50.0,1.0,2.0,5.0,7.0,9.0,3.0,0.0,1.0,2.0,1.0,2.0
296,0.0,2.0,3.0,1.0,11.0,3.0,2.0,1.0,2.0,24.0,1.0,2.0,5.0,1.0,8.0,2.0,1.0,1.0,2.0,3.0,4.0
297,1.0,2.0,5.0,3.0,1.0,8.0,2.0,1.0,2.0,41.0,1.0,4.0,1.0,1.0,14.0,9.0,1.0,1.0,1.0,1.0,4.0
298,0.0,1.0,7.0,4.0,12.0,1.0,2.0,1.0,2.0,74.0,1.0,2.0,1.0,5.0,13.0,3.0,1.0,1.0,1.0,1.0,3.0
299,1.0,4.0,3.0,3.0,1.0,3.0,2.0,1.0,2.0,71.0,1.0,3.0,6.0,1.0,13.0,8.0,1.0,1.0,1.0,1.0,3.0
300,0.0,2.0,5.0,3.0,12.0,8.0,2.0,1.0,2.0,27.0,4.0,4.0,1.0,2.0,9.0,9.0,1.0,1.0,3.0,3.0,4.0
301,1.0,2.0,6.0,3.0,1.0,7.0,2.0,1.0,1.0,45.0,1.0,3.0,1.0,1.0,11.0,4.0,1.0,1.0,1.0,1.0,4.0
302,1.0,3.0,2.0,1.0,12.0,3.0,2.0,1.0,2.0,27.0,1.0,2.0,1.0,7.0,7.0,4.0,0.0,1.0,2.0,3.0,4.0
303,1.0,4.0,3.0,1.0,11.0,2.0,2.0,1.0,2.0,33.0,5.0,1.0,6.0,1.0,6.0,9.0,1.0,1.0,2.0,3.0,4.0
304,0.0,5.0,1.0,1.0,11.0,1.0,2.0,1.0,1.0,32.0,1.0,4.0,5.0,1.0,7.0,3.0,1.0,1.0,2.0,3.0,4.0
305,1.0,3.0,3.0,2.0,11.0,1.0,2.0,1.0,1.0,27.0,1.0,4.0,5.0,1.0,10.0,7.0,1.0,1.0,2.0,3.0,4.0
306,0.0,2.0,5.0,4.0,12.0,2.0,2.0,1.0,1.0,75.0,1.0,3.0,1.0,5.0,6.0,9.0,1.0,1.0,1.0,1.0,3.0
307,1.0,5.0,4.0,2.0,11.0,1.0,2.0,1.0,1.0,41.0,4.0,2.0,1.0,6.0,10.0,4.0,0.0,1.0,1.0,2.0,3.0
308,1.0,1.0,6.0,5.0,2.0,8.0,2.0,1.0,1.0,67.0,1.0,3.0,1.0,5.0,11.0,4.0,1.0,1.0,1.0,1.0,3.0
309,0.0,3.0,3.0,3.0,14.0,3.0,2.0,1.0,2.0,49.0,1.0,5.0,5.0,2.0,14.0,6.0,1.0,1.0,1.0,1.0,2.0
310,0.0,3.0,3.0,3.0,2.0,4.0,2.0,1.0,2.0,62.0,4.0,2.0,1.0,6.0,15.0,9.0,1.0,1.0,1.0,1.0,2.0
311,0.0,3.0,6.0,3.0,12.0,8.0,2.0,1.0,2.0,30.0,1.0,3.0,1.0,6.0,13.0,5.0,1.0,1.0,1.0,1.0,4.0
312,0.0,1.0,5.0,4.0,12.0,3.0,2.0,1.0,1.0,33.0,1.0,3.0,1.0,1.0,9.0,5.0,1.0,1.0,2.0,4.0,4.0
313,1.0,1.0,4.0,3.0,9.0,1.0,2.0,1.0,1.0,33.0,4.0,3.0,1.0,1.0,10.0,7.0,1.0,1.0,2.0,3.0,2.0
314,0.0,4.0,1.0,3.0,10.0,1.0,2.0,1.0,2.0,28.0,1.0,4.0,6.0,1.0,15.0,5.0,1.0,1.0,2.0,2.0,4.0
315,1.0,1.0,1.0,3.0,1.0,4.0,2.0,1.0,2.0,23.0,4.0,2.0,6.0,4.0,3.0,7.0,1.0,0.0,2.0,2.0,4.0
316,1.0,1.0,1.0,-1.0,12.0,8.0,2.0,1.0,2.0,71.0,4.0,3.0,3.0,6.0,2.0,5.0,1.0,0.0,2.0,3.0,4.0
317,0.0,2.0,4.0,3.0,10.0,3.0,2.0,1.0,1.0,47.0,1.0,4.0,5.0,3.0,9.0,7.0,0.0,1.0,1.0,1.0,2.0
318,1.0,4.0,1.0,1.0,11.0,2.0,2.0,1.0,1.0,27.0,1.0,2.0,5.0,1.0,15.0,2.0,1.0,1.0,1.0,1.0,3.0
319,1.0,1.0,4.0,3.0,1.0,6.0,2.0,1.0,2.0,45.0,6.0,5.0,1.0,2.0,15.0,6.0,1.0,1.0,1.0,1.0,4.0
320,1.0,3.0,7.0,5.0,1.0,9.0,2.0,1.0,2.0,61.0,1.0,5.0,1.0,5.0,8.0,6.0,0.0,1.0,1.0,1.0,4.0
321,1.0,3.0,4.0,2.0,1.0,7.0,2.0,1.0,2.0,22.0,6.0,3.0,6.0,4.0,13.0,9.0,1.0,1.0,2.0,2.0,4.0
322,0.0,1.0,5.0,4.0,1.0,9.0,2.0,1.0,1.0,23.0,1.0,4.0,1.0,1.0,11.0,7.0,1.0,1.0,2.0,3.0,4.0
323,0.0,1.0,6.0,2.0,2.0,2.0,2.0,1.0,1.0,81.0,1.0,4.0,3.0,5.0,5.0,5.0,1.0,1.0,1.0,1.0,4.0
324,1.0,3.0,4.0,3.0,12.0,2.0,2.0,1.0,1.0,22.0,2.0,1.0,5.0,4.0,5.0,3.0,1.0,1.0,2.0,1.0,2.0
325,1.0,3.0,7.0,5.0,1.0,4.0,2.0,1.0,2.0,74.0,1.0,3.0,1.0,5.0,7.0,9.0,1.0,1.0,1.0,1.0,3.0
326,0.0,3.0,3.0,3.0,2.0,1.0,2.0,1.0,2.0,56.0,1.0,5.0,1.0,1.0,9.0,3.0,1.0,1.0,2.0,3.0,4.0
327,0.0,3.0,3.0,3.0,11.0,1.0,2.0,1.0,2.0,74.0,1.0,2.0,1.0,5.0,18.0,4.0,1.0,1.0,1.0,1.0,3.0
328,1.0,2.0,6.0,3.0,8.0,3.0,2.0,1.0,1.0,44.0,6.0,5.0,1.0,1.0,16.0,3.0,1.0,1.0,1.0,1.0,4.0
329,1.0,3.0,1.0,3.0,11.0,2.0,2.0,1.0,2.0,67.0,1.0,4.0,1.0,5.0,10.0,3.0,1.0,1.0,1.0,1.0,4.0
330,1.0,1.0,3.0,1.0,10.0,1.0,2.0,1.0,1.0,70.0,1.0,4.0,1.0,5.0,5.0,8.0,1.0,1.0,1.0,1.0,2.0
331,0.0,1.0,3.0,3.0,9.0,1.0,2.0,1.0,1.0,21.0,1.0,1.0,5.0,6.0,9.0,9.0,1.0,1.0,1.0,1.0,3.0
332,0.0,1.0,5.0,4.0,2.0,8.0,2.0,1.0,1.0,55.0,1.0,5.0,1.0,1.0,17.0,5.0,1.0,1.0,1.0,1.0,3.0
333,0.0,3.0,1.0,3.0,12.0,1.0,2.0,1.0,2.0,43.0,2.0,3.0,2.0,6.0,3.0,5.0,1.0,1.0,2.0,2.0,4.0
334,0.0,3.0,5.0,3.0,11.0,1.0,2.0,1.0,1.0,34.0,1.0,4.0,5.0,2.0,9.0,9.0,1.0,1.0,2.0,1.0,4.0
335,0.0,3.0,7.0,5.0,1.0,7.0,2.0,1.0,1.0,30.0,1.0,3.0,1.0,1.0,14.0,6.0,0.0,1.0,1.0,1.0,4.0
336,1.0,4.0,3.0,3.0,7.0,3.0,2.0,1.0,1.0,40.0,4.0,3.0,5.0,2.0,6.0,9.0,1.0,1.0,1.0,1.0,4.0
337,0.0,2.0,7.0,4.0,12.0,8.0,2.0,1.0,1.0,41.0,4.0,3.0,5.0,1.0,11.0,9.0,1.0,1.0,1.0,1.0,4.0
338,1.0,3.0,1.0,2.0,12.0,1.0,2.0,1.0,2.0,57.0,1.0,2.0,3.0,6.0,4.0,8.0,1.0,1.0,1.0,1.0,4.0
339,1.0,3.0,2.0,3.0,1.0,6.0,2.0,1.0,2.0,52.0,2.0,2.0,1.0,1.0,15.0,2.0,1.0,1.0,1.0,2.0,2.0
340,1.0,1.0,1.0,3.0,1.0,4.0,2.0,1.0,2.0,35.0,2.0,2.0,5.0,1.0,3.0,3.0,1.0,1.0,1.0,1.0,4.0
341,0.0,4.0,3.0,3.0,2.0,4.0,2.0,1.0,2.0,23.0,1.0,3.0,5.0,1.0,7.0,3.0,1.0,0.0,2.0,3.0,4.0
342,0.0,2.0,1.0,2.0,10.0,2.0,2.0,1.0,1.0,42.0,3.0,3.0,3.0,1.0,10.0,7.0,0.0,1.0,2.0,1.0,2.0
343,1.0,1.0,5.0,4.0,12.0,1.0,2.0,1.0,1.0,76.0,1.0,3.0,1.0,5.0,12.0,2.0,1.0,1.0,1.0,1.0,2.0
344,0.0,1.0,1.0,1.0,14.0,9.0,2.0,1.0,1.0,49.0,4.0,5.0,5.0,1.0,4.0,4.0,1.0,1.0,3.0,3.0,4.0
345,0.0,1.0,1.0,1.0,11.0,1.0,2.0,1.0,1.0,46.0,1.0,4.0,1.0,2.0,13.0,2.0,1.0,1.0,1.0,1.0,2.0
346,0.0,1.0,7.0,4.0,2.0,8.0,2.0,1.0,2.0,58.0,1.0,5.0,1.0,1.0,10.0,2.0,1.0,1.0,1.0,1.0,3.0
347,1.0,1.0,5.0,2.0,14.0,1.0,2.0,1.0,2.0,32.0,5.0,3.0,1.0,6.0,8.0,1.0,0.0,1.0,1.0,1.0,2.0
348,1.0,2.0,4.0,3.0,2.0,4.0,2.0,1.0,2.0,35.0,4.0,2.0,1.0,4.0,5.0,7.0,1.0,0.0,1.0,4.0,4.0
349,1.0,2.0,6.0,3.0,2.0,3.0,2.0,1.0,2.0,30.0,4.0,3.0,6.0,1.0,7.0,3.0,1.0,0.0,2.0,1.0,4.0
350,0.0,2.0,7.0,3.0,1.0,3.0,2.0,1.0,1.0,34.0,1.0,2.0,4.0,2.0,6.0,2.0,1.0,1.0,2.0,3.0,4.0
351,0.0,1.0,6.0,4.0,1.0,5.0,2.0,1.0,1.0,50.0,1.0,5.0,1.0,2.0,17.0,3.0,1.0,1.0,1.0,1.0,2.0
352,1.0,5.0,2.0,3.0,9.0,1.0,2.0,1.0,2.0,60.0,1.0,5.0,4.0,5.0,11.0,1.0,1.0,1.0,1.0,1.0,4.0
353,0.0,3.0,1.0,3.0,11.0,1.0,2.0,1.0,2.0,83.0,1.0,5.0,1.0,5.0,15.0,2.0,1.0,1.0,1.0,1.0,3.0
354,0.0,3.0,7.0,1.0,14.0,1.0,2.0,1.0,1.0,22.0,5.0,2.0,5.0,4.0,3.0,6.0,0.0,1.0,3.0,1.0,4.0
355,1.0,1.0,2.0,2.0,2.0,3.0,2.0,1.0,2.0,35.0,4.0,2.0,6.0,4.0,3.0,4.0,1.0,1.0,2.0,1.0,2.0
356,0.0,1.0,4.0,1.0,11.0,2.0,2.0,1.0,2.0,29.0,4.0,3.0,5.0,1.0,9.0,9.0,1.0,1.0,2.0,3.0,4.0
357,0.0,3.0,5.0,3.0,2.0,8.0,2.0,1.0,2.0,26.0,2.0,4.0,5.0,1.0,12.0,5.0,1.0,1.0,2.0,3.0,4.0
358,0.0,2.0,7.0,5.0,1.0,7.0,2.0,1.0,1.0,55.0,1.0,5.0,1.0,1.0,10.0,7.0,1.0,1.0,2.0,2.0,4.0
359,1.0,1.0,3.0,1.0,1.0,1.0,2.0,1.0,1.0,68.0,2.0,3.0,5.0,1.0,5.0,7.0,1.0,1.0,1.0,1.0,2.0
360,0.0,2.0,6.0,3.0,1.0,6.0,2.0,1.0,1.0,30.0,1.0,3.0,1.0,1.0,12.0,5.0,0.0,1.0,1.0,1.0,4.0
361,1.0,1.0,6.0,4.0,2.0,2.0,2.0,1.0,1.0,59.0,5.0,3.0,3.0,6.0,3.0,5.0,0.0,1.0,2.0,3.0,4.0
362,0.0,2.0,3.0,3.0,1.0,4.0,2.0,1.0,1.0,80.0,1.0,4.0,1.0,5.0,13.0,5.0,1.0,1.0,1.0,2.0,2.0
363,1.0,1.0,4.0,3.0,1.0,8.0,2.0,1.0,1.0,53.0,1.0,2.0,5.0,1.0,9.0,3.0,0.0,1.0,1.0,1.0,4.0
364,0.0,5.0,3.0,1.0,9.0,1.0,2.0,1.0,2.0,72.0,1.0,5.0,2.0,5.0,11.0,3.0,1.0,1.0,1.0,1.0,3.0
365,0.0,5.0,1.0,3.0,5.0,1.0,2.0,1.0,2.0,68.0,1.0,4.0,1.0,5.0,17.0,2.0,1.0,1.0,1.0,1.0,3.0
366,1.0,3.0,3.0,3.0,11.0,2.0,2.0,1.0,2.0,67.0,4.0,3.0,1.0,5.0,13.0,9.0,1.0,1.0,1.0,1.0,2.0
367,1.0,4.0,1.0,1.0,11.0,3.0,2.0,1.0,2.0,37.0,1.0,5.0,5.0,1.0,14.0,3.0,1.0,1.0,2.0,3.0,4.0
368,1.0,2.0,6.0,3.0,1.0,8.0,2.0,1.0,1.0,47.0,1.0,3.0,5.0,6.0,10.0,5.0,1.0,1.0,1.0,2.0,2.0
369,1.0,3.0,2.0,3.0,1.0,2.0,2.0,1.0,1.0,45.0,1.0,2.0,1.0,1.0,15.0,3.0,1.0,1.0,1.0,1.0,4.0
370,0.0,2.0,5.0,3.0,12.0,9.0,2.0,1.0,2.0,65.0,1.0,3.0,2.0,5.0,8.0,2.0,0.0,1.0,2.0,2.0,4.0
371,1.0,3.0,1.0,3.0,11.0,2.0,2.0,1.0,2.0,73.0,1.0,3.0,2.0,5.0,8.0,2.0,0.0,1.0,1.0,1.0,4.0
372,0.0,3.0,4.0,3.0,12.0,4.0,2.0,1.0,2.0,33.0,1.0,1.0,3.0,4.0,6.0,5.0,1.0,1.0,2.0,4.0,4.0
373,0.0,2.0,1.0,3.0,12.0,1.0,2.0,1.0,2.0,33.0,2.0,4.0,6.0,1.0,5.0,5.0,1.0,1.0,1.0,3.0,4.0
374,0.0,2.0,4.0,3.0,5.0,4.0,2.0,1.0,2.0,23.0,1.0,3.0,5.0,1.0,13.0,8.0,0.0,1.0,2.0,1.0,4.0
375,1.0,4.0,1.0,2.0,2.0,2.0,2.0,1.0,1.0,53.0,4.0,2.0,5.0,1.0,3.0,5.0,1.0,0.0,3.0,1.0,4.0
376,0.0,3.0,2.0,2.0,11.0,1.0,2.0,1.0,1.0,45.0,1.0,3.0,1.0,1.0,13.0,8.0,1.0,1.0,1.0,1.0,2.0
377,0.0,2.0,3.0,2.0,1.0,7.0,2.0,1.0,1.0,66.0,1.0,5.0,1.0,5.0,12.0,9.0,1.0,1.0,1.0,3.0,1.0
378,0.0,5.0,1.0,3.0,14.0,6.0,2.0,1.0,1.0,45.0,1.0,4.0,5.0,1.0,3.0,9.0,1.0,1.0,2.0,3.0,2.0
379,0.0,3.0,6.0,3.0,12.0,8.0,2.0,1.0,2.0,37.0,4.0,3.0,1.0,1.0,13.0,9.0,1.0,1.0,1.0,1.0,2.0
380,0.0,1.0,5.0,5.0,12.0,6.0,2.0,1.0,1.0,32.0,1.0,4.0,1.0,1.0,14.0,4.0,0.0,1.0,1.0,1.0,4.0
381,0.0,1.0,7.0,5.0,1.0,3.0,2.0,1.0,2.0,56.0,1.0,5.0,4.0,1.0,15.0,8.0,1.0,1.0,1.0,1.0,4.0
382,1.0,2.0,3.0,2.0,10.0,3.0,2.0,1.0,2.0,28.0,1.0,2.0,1.0,7.0,10.0,3.0,1.0,1.0,2.0,1.0,4.0
383,0.0,4.0,4.0,3.0,1.0,4.0,2.0,1.0,2.0,67.0,1.0,3.0,1.0,1.0,10.0,3.0,0.0,1.0,1.0,1.0,3.0
384,0.0,1.0,5.0,4.0,1.0,8.0,2.0,1.0,2.0,68.0,1.0,2.0,1.0,5.0,10.0,6.0,1.0,0.0,1.0,2.0,4.0
385,1.0,4.0,1.0,1.0,1.0,4.0,2.0,1.0,2.0,33.0,1.0,5.0,5.0,1.0,9.0,5.0,1.0,1.0,1.0,1.0,4.0
386,1.0,2.0,5.0,3.0,11.0,2.0,2.0,1.0,1.0,29.0,4.0,2.0,6.0,1.0,13.0,2.0,1.0,1.0,2.0,1.0,4.0
387,1.0,2.0,5.0,3.0,1.0,3.0,2.0,1.0,1.0,62.0,1.0,2.0,3.0,1.0,13.0,7.0,0.0,1.0,1.0,1.0,2.0
388,1.0,2.0,4.0,3.0,2.0,4.0,2.0,1.0,2.0,38.0,1.0,4.0,5.0,1.0,12.0,5.0,1.0,1.0,1.0,1.0,4.0
389,1.0,1.0,5.0,4.0,12.0,4.0,2.0,1.0,1.0,41.0,1.0,3.0,5.0,1.0,11.0,7.0,1.0,1.0,1.0,1.0,2.0
390,1.0,3.0,3.0,1.0,12.0,5.0,2.0,1.0,2.0,25.0,4.0,3.0,1.0,1.0,3.0,9.0,1.0,1.0,2.0,3.0,4.0
391,0.0,2.0,1.0,2.0,2.0,3.0,2.0,1.0,2.0,78.0,1.0,4.0,1.0,5.0,11.0,2.0,1.0,1.0,1.0,1.0,1.0
392,0.0,1.0,6.0,3.0,2.0,1.0,2.0,1.0,2.0,31.0,1.0,3.0,5.0,2.0,4.0,4.0,1.0,1.0,2.0,2.0,4.0
393,1.0,1.0,4.0,2.0,2.0,8.0,2.0,1.0,2.0,46.0,4.0,2.0,1.0,1.0,18.0,3.0,1.0,1.0,1.0,1.0,4.0
394,1.0,2.0,2.0,3.0,5.0,2.0,2.0,1.0,2.0,67.0,1.0,5.0,1.0,5.0,11.0,2.0,1.0,1.0,1.0,1.0,2.0
395,0.0,5.0,7.0,4.0,12.0,3.0,2.0,1.0,2.0,34.0,1.0,5.0,1.0,1.0,14.0,4.0,0.0,1.0,1.0,1.0,4.0
396,1.0,4.0,2.0,3.0,12.0,2.0,2.0,1.0,1.0,50.0,4.0,4.0,5.0,2.0,14.0,9.0,1.0,1.0,1.0,1.0,4.0
397,1.0,2.0,1.0,2.0,12.0,2.0,2.0,1.0,2.0,59.0,2.0,3.0,1.0,6.0,4.0,9.0,1.0,1.0,2.0,1.0,3.0
398,0.0,4.0,2.0,3.0,11.0,1.0,2.0,1.0,1.0,38.0,1.0,4.0,1.0,1.0,14.0,3.0,1.0,1.0,1.0,1.0,4.0
399,1.0,3.0,2.0,1.0,12.0,2.0,2.0,1.0,2.0,58.0,1.0,3.0,2.0,1.0,2.0,4.0,1.0,1.0,2.0,3.0,4.0
400,1.0,1.0,5.0,5.0,2.0,7.0,2.0,1.0,1.0,72.0,1.0,3.0,1.0,5.0,11.0,3.0,1.0,1.0,1.0,1.0,2.0
401,1.0,4.0,2.0,3.0,3.0,8.0,2.0,1.0,2.0,31.0,5.0,4.0,1.0,7.0,4.0,5.0,1.0,1.0,2.0,3.0,4.0
402,1.0,1.0,1.0,1.0,12.0,6.0,2.0,1.0,1.0,33.0,4.0,3.0,1.0,1.0,10.0,2.0,1.0,1.0,1.0,1.0,2.0
403,0.0,2.0,2.0,3.0,12.0,4.0,2.0,1.0,2.0,48.0,4.0,3.0,3.0,1.0,9.0,2.0,1.0,1.0,1.0,2.0,4.0
404,1.0,4.0,3.0,1.0,9.0,1.0,2.0,1.0,1.0,40.0,1.0,4.0,5.0,2.0,1.0,9.0,1.0,1.0,2.0,3.0,4.0
405,0.0,2.0,1.0,2.0,11.0,4.0,2.0,1.0,2.0,25.0,4.0,3.0,5.0,2.0,8.0,3.0,0.0,1.0,3.0,1.0,4.0
406,0.0,1.0,4.0,3.0,12.0,1.0,2.0,1.0,1.0,44.0,1.0,2.0,1.0,1.0,9.0,5.0,1.0,0.0,1.0,1.0,4.0
407,1.0,4.0,2.0,3.0,11.0,2.0,2.0,1.0,2.0,55.0,1.0,5.0,4.0,1.0,17.0,9.0,1.0,1.0,1.0,1.0,3.0
408,0.0,3.0,1.0,3.0,12.0,2.0,2.0,1.0,1.0,68.0,2.0,3.0,6.0,5.0,10.0,2.0,1.0,1.0,2.0,3.0,2.0
409,0.0,3.0,6.0,4.0,1.0,4.0,2.0,1.0,2.0,44.0,1.0,5.0,3.0,1.0,11.0,6.0,1.0,1.0,1.0,1.0,4.0
410,0.0,3.0,2.0,4.0,12.0,8.0,2.0,1.0,2.0,60.0,2.0,5.0,1.0,1.0,17.0,5.0,1.0,0.0,1.0,2.0,3.0
411,0.0,4.0,3.0,3.0,10.0,2.0,2.0,1.0,1.0,79.0,4.0,5.0,1.0,5.0,18.0,3.0,1.0,1.0,1.0,1.0,3.0
412,1.0,2.0,3.0,2.0,14.0,2.0,2.0,1.0,2.0,48.0,3.0,3.0,5.0,6.0,3.0,8.0,0.0,1.0,1.0,1.0,4.0
413,0.0,1.0,5.0,3.0,1.0,1.0,2.0,1.0,1.0,82.0,5.0,5.0,1.0,5.0,18.0,5.0,1.0,1.0,1.0,1.0,2.0
414,0.0,4.0,3.0,4.0,11.0,1.0,2.0,1.0,1.0,28.0,1.0,3.0,5.0,1.0,10.0,4.0,1.0,1.0,2.0,2.0,4.0
415,1.0,4.0,1.0,2.0,11.0,2.0,2.0,1.0,1.0,45.0,1.0,4.0,5.0,1.0,3.0,2.0,1.0,1.0,2.0,2.0,4.0
416,1.0,1.0,4.0,5.0,1.0,9.0,2.0,1.0,2.0,54.0,4.0,4.0,1.0,1.0,4.0,5.0,1.0,1.0,2.0,3.0,2.0
417,1.0,5.0,4.0,4.0,1.0,7.0,2.0,1.0,2.0,63.0,4.0,5.0,1.0,3.0,12.0,5.0,1.0,1.0,1.0,1.0,3.0
418,1.0,1.0,7.0,4.0,1.0,4.0,2.0,1.0,2.0,27.0,1.0,3.0,5.0,1.0,7.0,5.0,1.0,1.0,2.0,3.0,4.0
419,0.0,3.0,2.0,3.0,1.0,2.0,2.0,1.0,2.0,68.0,1.0,3.0,1.0,5.0,4.0,9.0,1.0,1.0,2.0,3.0,4.0
420,1.0,2.0,5.0,4.0,11.0,2.0,2.0,1.0,1.0,40.0,4.0,3.0,3.0,1.0,10.0,9.0,1.0,1.0,1.0,1.0,4.0
421,0.0,2.0,4.0,5.0,1.0,7.0,2.0,1.0,1.0,60.0,2.0,5.0,3.0,5.0,11.0,7.0,1.0,0.0,2.0,2.0,4.0
422,1.0,2.0,3.0,3.0,9.0,1.0,2.0,1.0,2.0,65.0,1.0,4.0,1.0,5.0,13.0,5.0,1.0,1.0,1.0,1.0,4.0
423,0.0,3.0,1.0,1.0,1.0,4.0,2.0,1.0,1.0,58.0,1.0,3.0,1.0,1.0,17.0,2.0,1.0,1.0,1.0,1.0,2.0
424,1.0,5.0,7.0,1.0,11.0,2.0,2.0,1.0,1.0,34.0,1.0,4.0,1.0,2.0,11.0,2.0,1.0,1.0,1.0,3.0,4.0
425,1.0,1.0,7.0,5.0,12.0,2.0,2.0,1.0,1.0,62.0,1.0,3.0,3.0,1.0,14.0,5.0,1.0,1.0,2.0,1.0,4.0
426,1.0,2.0,2.0,3.0,7.0,6.0,2.0,1.0,1.0,83.0,5.0,3.0,1.0,5.0,9.0,9.0,0.0,0.0,1.0,1.0,2.0
427,0.0,3.0,5.0,4.0,11.0,1.0,2.0,1.0,2.0,62.0,1.0,3.0,4.0,1.0,10.0,3.0,1.0,1.0,1.0,1.0,4.0
428,1.0,3.0,2.0,3.0,1.0,3.0,2.0,1.0,2.0,36.0,1.0,3.0,1.0,2.0,13.0,4.0,0.0,1.0,1.0,1.0,2.0
429,0.0,1.0,4.0,3.0,9.0,1.0,2.0,1.0,1.0,39.0,1.0,4.0,3.0,1.0,14.0,7.0,1.0,1.0,1.0,1.0,4.0
430,1.0,1.0,7.0,5.0,1.0,7.0,2.0,1.0,1.0,62.0,1.0,3.0,1.0,2.0,14.0,3.0,1.0,1.0,1.0,1.0,4.0
431,1.0,2.0,2.0,3.0,2.0,4.0,2.0,1.0,1.0,32.0,4.0,3.0,5.0,1.0,5.0,8.0,1.0,1.0,1.0,1.0,4.0
432,0.0,1.0,7.0,4.0,12.0,2.0,2.0,1.0,1.0,45.0,4.0,3.0,1.0,1.0,9.0,3.0,1.0,1.0,1.0,1.0,4.0
433,0.0,4.0,1.0,3.0,1.0,3.0,2.0,1.0,2.0,54.0,2.0,3.0,5.0,1.0,10.0,4.0,1.0,1.0,1.0,1.0,3.0
434,0.0,5.0,1.0,2.0,7.0,9.0,2.0,1.0,2.0,69.0,1.0,4.0,1.0,5.0,14.0,2.0,1.0,1.0,1.0,1.0,2.0
435,0.0,3.0,3.0,2.0,11.0,1.0,2.0,1.0,2.0,56.0,1.0,4.0,3.0,1.0,9.0,5.0,1.0,1.0,1.0,1.0,4.0
436,0.0,2.0,4.0,3.0,12.0,2.0,2.0,1.0,2.0,35.0,1.0,4.0,1.0,1.0,4.0,5.0,1.0,1.0,1.0,1.0,4.0
437,0.0,2.0,4.0,3.0,2.0,5.0,2.0,1.0,1.0,61.0,1.0,5.0,5.0,5.0,16.0,2.0,1.0,1.0,1.0,3.0,2.0
438,0.0,3.0,2.0,4.0,12.0,2.0,2.0,1.0,1.0,42.0,2.0,2.0,1.0,1.0,11.0,8.0,1.0,1.0,1.0,1.0,4.0
439,1.0,3.0,3.0,1.0,10.0,1.0,2.0,1.0,2.0,66.0,3.0,5.0,3.0,3.0,9.0,8.0,1.0,1.0,1.0,2.0,4.0
440,0.0,3.0,4.0,3.0,1.0,7.0,2.0,1.0,1.0,81.0,1.0,4.0,1.0,5.0,14.0,2.0,1.0,1.0,1.0,1.0,3.0
441,0.0,2.0,1.0,1.0,12.0,1.0,2.0,1.0,2.0,32.0,4.0,1.0,6.0,7.0,6.0,3.0,1.0,1.0,2.0,1.0,4.0
442,1.0,1.0,6.0,3.0,11.0,2.0,2.0,1.0,1.0,31.0,6.0,5.0,1.0,1.0,11.0,8.0,1.0,1.0,1.0,3.0,4.0
443,1.0,2.0,6.0,4.0,1.0,9.0,2.0,1.0,2.0,28.0,1.0,4.0,1.0,1.0,12.0,3.0,0.0,1.0,1.0,1.0,2.0
444,0.0,3.0,6.0,3.0,1.0,4.0,2.0,1.0,1.0,73.0,1.0,3.0,6.0,1.0,10.0,5.0,1.0,1.0,2.0,3.0,2.0
445,0.0,3.0,3.0,3.0,1.0,1.0,2.0,1.0,2.0,53.0,4.0,5.0,2.0,1.0,16.0,1.0,1.0,1.0,1.0,1.0,4.0
446,0.0,2.0,2.0,2.0,12.0,4.0,2.0,1.0,2.0,47.0,4.0,3.0,6.0,1.0,5.0,5.0,1.0,1.0,2.0,3.0,4.0
447,1.0,1.0,5.0,3.0,10.0,1.0,2.0,1.0,1.0,56.0,1.0,2.0,5.0,2.0,11.0,9.0,1.0,1.0,2.0,1.0,2.0
448,1.0,1.0,7.0,5.0,1.0,8.0,2.0,1.0,2.0,70.0,1.0,4.0,1.0,1.0,11.0,3.0,1.0,1.0,1.0,2.0,2.0
449,1.0,3.0,7.0,-1.0,12.0,7.0,2.0,1.0,2.0,31.0,1.0,2.0,1.0,3.0,11.0,5.0,1.0,1.0,2.0,1.0,2.0
450,0.0,1.0,7.0,5.0,1.0,2.0,2.0,1.0,1.0,69.0,1.0,2.0,1.0,1.0,10.0,3.0,0.0,0.0,1.0,1.0,2.0
451,1.0,1.0,1.0,3.0,1.0,8.0,2.0,1.0,2.0,70.0,2.0,3.0,1.0,5.0,13.0,5.0,1.0,1.0,2.0,3.0,3.0
452,0.0,1.0,5.0,3.0,11.0,5.0,2.0,1.0,2.0,55.0,3.0,3.0,1.0,2.0,14.0,8.0,1.0,1.0,1.0,1.0,4.0
453,1.0,4.0,2.0,2.0,9.0,1.0,2.0,1.0,1.0,76.0,1.0,5.0,1.0,5.0,16.0,8.0,1.0,1.0,1.0,1.0,4.0
454,1.0,1.0,6.0,4.0,2.0,5.0,2.0,1.0,1.0,64.0,1.0,3.0,2.0,6.0,8.0,3.0,1.0,0.0,1.0,1.0,4.0
455,0.0,1.0,5.0,4.0,11.0,2.0,2.0,1.0,1.0,70.0,1.0,3.0,3.0,2.0,9.0,6.0,1.0,1.0,1.0,1.0,4.0
456,0.0,5.0,3.0,3.0,11.0,1.0,2.0,1.0,2.0,53.0,1.0,3.0,2.0,1.0,10.0,1.0,1.0,1.0,1.0,2.0,4.0
457,1.0,1.0,7.0,-1.0,1.0,8.0,2.0,1.0,2.0,46.0,1.0,4.0,1.0,7.0,14.0,2.0,1.0,1.0,1.0,1.0,4.0
458,1.0,1.0,6.0,4.0,1.0,8.0,2.0,1.0,1.0,62.0,1.0,4.0,1.0,5.0,14.0,2.0,1.0,1.0,1.0,1.0,2.0
459,1.0,1.0,5.0,3.0,2.0,2.0,2.0,1.0,1.0,61.0,1.0,5.0,1.0,1.0,14.0,3.0,1.0,1.0,1.0,1.0,2.0
460,0.0,1.0,6.0,3.0,2.0,2.0,2.0,1.0,1.0,70.0,1.0,4.0,1.0,5.0,14.0,1.0,1.0,1.0,1.0,1.0,2.0
461,0.0,2.0,1.0,2.0,10.0,1.0,2.0,1.0,1.0,48.0,5.0,2.0,5.0,6.0,2.0,3.0,1.0,1.0,2.0,3.0,3.0
462,0.0,3.0,5.0,5.0,1.0,7.0,2.0,1.0,2.0,71.0,1.0,2.0,6.0,1.0,11.0,7.0,0.0,1.0,1.0,4.0,2.0
463,0.0,1.0,1.0,2.0,2.0,8.0,2.0,1.0,2.0,49.0,4.0,3.0,5.0,1.0,6.0,4.0,0.0,1.0,1.0,1.0,4.0
464,1.0,1.0,6.0,4.0,12.0,3.0,2.0,1.0,1.0,40.0,1.0,4.0,1.0,2.0,14.0,3.0,1.0,1.0,1.0,1.0,4.0
465,0.0,1.0,5.0,3.0,2.0,1.0,2.0,1.0,2.0,80.0,4.0,3.0,2.0,5.0,11.0,5.0,1.0,1.0,1.0,1.0,3.0
466,0.0,2.0,1.0,3.0,12.0,2.0,2.0,1.0,1.0,35.0,2.0,3.0,6.0,4.0,6.0,5.0,1.0,1.0,2.0,2.0,2.0
467,0.0,1.0,7.0,3.0,2.0,4.0,2.0,1.0,1.0,28.0,1.0,4.0,5.0,4.0,11.0,3.0,1.0,1.0,2.0,3.0,4.0
468,0.0,2.0,2.0,4.0,12.0,6.0,2.0,1.0,2.0,51.0,4.0,2.0,1.0,1.0,10.0,5.0,1.0,1.0,1.0,3.0,4.0
469,0.0,3.0,2.0,-1.0,1.0,6.0,2.0,1.0,2.0,39.0,2.0,4.0,5.0,1.0,11.0,3.0,1.0,1.0,2.0,2.0,2.0
470,0.0,3.0,7.0,3.0,1.0,2.0,2.0,1.0,1.0,71.0,1.0,3.0,2.0,5.0,5.0,7.0,1.0,1.0,1.0,1.0,4.0
471,0.0,2.0,6.0,4.0,12.0,8.0,2.0,1.0,2.0,64.0,4.0,4.0,2.0,6.0,8.0,9.0,1.0,1.0,1.0,1.0,2.0
472,1.0,3.0,3.0,3.0,5.0,3.0,2.0,1.0,1.0,74.0,1.0,5.0,1.0,5.0,14.0,2.0,1.0,1.0,2.0,3.0,2.0
473,1.0,1.0,2.0,3.0,1.0,9.0,2.0,1.0,1.0,29.0,4.0,3.0,6.0,2.0,1.0,9.0,1.0,1.0,2.0,1.0,4.0
474,0.0,2.0,7.0,5.0,1.0,9.0,2.0,1.0,2.0,76.0,1.0,3.0,3.0,5.0,14.0,6.0,1.0,1.0,1.0,2.0,3.0
475,0.0,1.0,5.0,4.0,1.0,8.0,2.0,1.0,2.0,66.0,1.0,3.0,1.0,5.0,6.0,3.0,1.0,1.0,2.0,1.0,4.0
476,1.0,1.0,2.0,3.0,12.0,5.0,2.0,1.0,2.0,35.0,4.0,1.0,1.0,4.0,7.0,2.0,1.0,1.0,2.0,1.0,4.0
477,1.0,2.0,4.0,3.0,7.0,1.0,2.0,1.0,1.0,27.0,5.0,2.0,5.0,4.0,5.0,7.0,1.0,1.0,2.0,1.0,1.0
478,1.0,5.0,3.0,1.0,11.0,1.0,2.0,1.0,2.0,71.0,4.0,4.0,3.0,1.0,9.0,8.0,1.0,1.0,2.0,3.0,4.0
479,0.0,1.0,7.0,4.0,1.0,1.0,2.0,1.0,2.0,61.0,1.0,3.0,1.0,1.0,11.0,3.0,0.0,0.0,1.0,1.0,4.0
480,1.0,4.0,1.0,3.0,2.0,3.0,2.0,1.0,1.0,27.0,1.0,3.0,5.0,1.0,10.0,4.0,0.0,1.0,1.0,1.0,4.0
481,1.0,2.0,3.0,1.0,9.0,2.0,2.0,1.0,1.0,65.0,1.0,2.0,1.0,5.0,12.0,3.0,0.0,1.0,1.0,1.0,3.0
482,0.0,3.0,5.0,3.0,10.0,1.0,2.0,1.0,2.0,43.0,1.0,3.0,1.0,1.0,12.0,7.0,1.0,1.0,1.0,1.0,2.0
483,1.0,3.0,6.0,4.0,11.0,2.0,2.0,1.0,1.0,60.0,1.0,4.0,1.0,1.0,15.0,3.0,0.0,1.0,1.0,1.0,4.0
484,1.0,2.0,2.0,2.0,10.0,1.0,2.0,1.0,2.0,43.0,1.0,5.0,1.0,1.0,7.0,9.0,1.0,1.0,2.0,3.0,4.0
485,0.0,1.0,7.0,5.0,1.0,2.0,2.0,1.0,1.0,59.0,1.0,3.0,1.0,1.0,14.0,3.0,1.0,1.0,1.0,2.0,2.0
486,0.0,2.0,5.0,3.0,1.0,2.0,2.0,1.0,1.0,66.0,1.0,3.0,1.0,1.0,6.0,9.0,1.0,1.0,1.0,1.0,2.0
487,0.0,2.0,7.0,3.0,1.0,2.0,2.0,1.0,1.0,32.0,1.0,2.0,1.0,4.0,3.0,6.0,0.0,1.0,2.0,1.0,1.0
488,0.0,1.0,7.0,5.0,2.0,8.0,2.0,1.0,1.0,75.0,1.0,4.0,1.0,5.0,7.0,5.0,1.0,1.0,1.0,1.0,3.0
489,0.0,2.0,4.0,3.0,2.0,8.0,2.0,1.0,2.0,60.0,1.0,5.0,2.0,5.0,15.0,5.0,1.0,1.0,1.0,1.0,2.0
490,1.0,1.0,2.0,3.0,12.0,7.0,2.0,1.0,2.0,44.0,4.0,4.0,1.0,5.0,11.0,9.0,1.0,1.0,1.0,1.0,2.0
491,0.0,2.0,3.0,3.0,12.0,1.0,2.0,1.0,2.0,57.0,1.0,3.0,1.0,1.0,14.0,1.0,1.0,1.0,2.0,1.0,3.0
492,1.0,3.0,6.0,3.0,7.0,2.0,2.0,1.0,2.0,36.0,1.0,3.0,3.0,1.0,12.0,3.0,1.0,0.0,1.0,1.0,4.0
493,0.0,4.0,1.0,2.0,9.0,1.0,2.0,1.0,1.0,40.0,1.0,3.0,1.0,1.0,15.0,9.0,1.0,1.0,1.0,1.0,4.0
494,0.0,3.0,7.0,5.0,1.0,9.0,2.0,1.0,2.0,65.0,1.0,3.0,1.0,5.0,13.0,1.0,1.0,1.0,1.0,1.0,2.0
495,0.0,3.0,4.0,3.0,1.0,6.0,2.0,1.0,2.0,44.0,6.0,4.0,1.0,1.0,12.0,5.0,1.0,1.0,1.0,1.0,4.0
496,1.0,1.0,3.0,4.0,12.0,2.0,2.0,1.0,2.0,69.0,1.0,2.0,1.0,5.0,11.0,4.0,1.0,1.0,1.0,1.0,2.0
497,0.0,3.0,4.0,4.0,12.0,3.0,2.0,1.0,2.0,32.0,2.0,2.0,6.0,6.0,3.0,2.0,1.0,1.0,2.0,3.0,4.0
498,0.0,2.0,2.0,3.0,11.0,1.0,2.0,1.0,2.0,40.0,1.0,5.0,3.0,1.0,11.0,3.0,1.0,1.0,1.0,1.0,4.0
499,0.0,3.0,1.0,3.0,12.0,8.0,2.0,1.0,2.0,46.0,2.0,3.0,1.0,1.0,6.0,7.0,1.0,1.0,2.0,3.0,4.0
500,1.0,2.0,4.0,3.0,1.0,5.0,2.0,1.0,2.0,58.0,1.0,4.0,1.0,1.0,13.0,5.0,1.0,1.0,1.0,1.0,4.0
501,0.0,1.0,7.0,4.0,1.0,3.0,2.0,1.0,1.0,34.0,1.0,3.0,1.0,1.0,9.0,4.0,0.0,0.0,1.0,1.0,4.0
502,1.0,2.0,1.0,3.0,2.0,8.0,2.0,1.0,2.0,70.0,1.0,3.0,1.0,1.0,15.0,2.0,1.0,1.0,1.0,3.0,3.0
503,1.0,3.0,2.0,3.0,1.0,8.0,2.0,1.0,2.0,76.0,1.0,3.0,1.0,5.0,9.0,3.0,1.0,1.0,1.0,2.0,3.0
504,1.0,1.0,4.0,4.0,12.0,6.0,2.0,1.0,1.0,28.0,1.0,2.0,1.0,4.0,5.0,7.0,0.0,0.0,1.0,5.0,4.0
505,1.0,1.0,7.0,5.0,1.0,4.0,2.0,1.0,2.0,29.0,4.0,2.0,1.0,2.0,7.0,9.0,1.0,1.0,2.0,3.0,4.0
506,1.0,2.0,1.0,1.0,9.0,1.0,2.0,1.0,2.0,44.0,2.0,3.0,5.0,4.0,4.0,3.0,1.0,1.0,2.0,3.0,4.0
507,0.0,2.0,1.0,3.0,2.0,2.0,2.0,1.0,1.0,56.0,4.0,4.0,5.0,1.0,14.0,2.0,1.0,1.0,2.0,3.0,4.0
508,0.0,1.0,7.0,3.0,12.0,3.0,2.0,1.0,2.0,66.0,4.0,3.0,1.0,5.0,12.0,3.0,1.0,1.0,1.0,1.0,4.0
509,0.0,3.0,5.0,3.0,2.0,7.0,2.0,1.0,2.0,68.0,1.0,3.0,3.0,5.0,3.0,4.0,0.0,1.0,2.0,3.0,4.0
510,0.0,3.0,2.0,3.0,12.0,4.0,2.0,1.0,1.0,67.0,2.0,3.0,1.0,1.0,5.0,3.0,1.0,1.0,1.0,1.0,4.0
511,1.0,1.0,5.0,4.0,14.0,8.0,2.0,1.0,2.0,80.0,1.0,3.0,3.0,5.0,4.0,9.0,1.0,1.0,1.0,1.0,4.0
512,0.0,3.0,6.0,3.0,12.0,7.0,2.0,1.0,1.0,61.0,1.0,3.0,1.0,5.0,14.0,3.0,1.0,1.0,1.0,1.0,3.0
513,1.0,3.0,2.0,3.0,12.0,3.0,2.0,1.0,2.0,25.0,1.0,4.0,5.0,1.0,15.0,2.0,1.0,1.0,2.0,3.0,4.0
514,1.0,1.0,7.0,5.0,11.0,1.0,2.0,1.0,2.0,38.0,3.0,3.0,1.0,4.0,14.0,8.0,1.0,1.0,1.0,1.0,2.0
515,0.0,5.0,1.0,3.0,2.0,8.0,2.0,1.0,2.0,63.0,1.0,3.0,3.0,1.0,11.0,7.0,1.0,1.0,2.0,1.0,2.0
516,0.0,2.0,2.0,3.0,1.0,1.0,2.0,1.0,2.0,66.0,1.0,2.0,1.0,1.0,11.0,5.0,1.0,1.0,1.0,1.0,4.0
517,1.0,3.0,7.0,4.0,14.0,1.0,2.0,1.0,1.0,56.0,1.0,2.0,1.0,1.0,14.0,2.0,1.0,1.0,1.0,2.0,2.0
518,1.0,2.0,3.0,3.0,11.0,1.0,2.0,1.0,1.0,70.0,1.0,5.0,1.0,5.0,18.0,1.0,1.0,1.0,1.0,1.0,2.0
519,1.0,2.0,4.0,3.0,12.0,1.0,2.0,1.0,1.0,28.0,5.0,3.0,1.0,3.0,11.0,9.0,1.0,1.0,1.0,1.0,4.0
520,1.0,1.0,7.0,5.0,12.0,2.0,2.0,1.0,2.0,43.0,1.0,2.0,6.0,7.0,3.0,8.0,1.0,0.0,2.0,1.0,4.0
521,0.0,3.0,1.0,2.0,9.0,1.0,2.0,1.0,2.0,47.0,6.0,4.0,1.0,7.0,13.0,3.0,1.0,1.0,1.0,1.0,4.0
522,1.0,5.0,5.0,4.0,11.0,2.0,2.0,1.0,2.0,58.0,1.0,3.0,1.0,5.0,17.0,2.0,1.0,1.0,1.0,1.0,2.0
523,0.0,2.0,3.0,4.0,1.0,5.0,2.0,1.0,1.0,33.0,1.0,4.0,1.0,1.0,8.0,4.0,0.0,1.0,1.0,1.0,4.0
524,1.0,1.0,6.0,4.0,2.0,8.0,2.0,1.0,1.0,47.0,4.0,2.0,1.0,7.0,11.0,1.0,1.0,1.0,1.0,1.0,4.0
525,0.0,1.0,5.0,3.0,9.0,1.0,2.0,1.0,1.0,62.0,1.0,5.0,1.0,1.0,18.0,3.0,1.0,1.0,1.0,1.0,3.0
526,0.0,2.0,3.0,3.0,12.0,2.0,2.0,1.0,2.0,36.0,1.0,5.0,1.0,1.0,15.0,3.0,1.0,1.0,1.0,1.0,4.0
527,1.0,1.0,6.0,4.0,3.0,6.0,2.0,1.0,1.0,30.0,1.0,2.0,1.0,1.0,7.0,8.0,0.0,1.0,1.0,1.0,4.0
528,0.0,2.0,5.0,3.0,1.0,5.0,2.0,1.0,1.0,43.0,1.0,3.0,1.0,1.0,9.0,2.0,1.0,0.0,1.0,1.0,1.0
529,1.0,3.0,3.0,3.0,10.0,1.0,2.0,1.0,1.0,39.0,5.0,3.0,1.0,1.0,9.0,4.0,0.0,1.0,2.0,3.0,4.0
530,1.0,1.0,6.0,3.0,1.0,2.0,2.0,1.0,1.0,70.0,1.0,3.0,1.0,5.0,14.0,5.0,1.0,1.0,1.0,1.0,2.0
531,1.0,3.0,2.0,2.0,2.0,2.0,2.0,1.0,2.0,66.0,1.0,3.0,1.0,5.0,13.0,4.0,1.0,1.0,1.0,1.0,2.0
532,1.0,2.0,2.0,3.0,11.0,2.0,2.0,1.0,1.0,61.0,1.0,3.0,3.0,2.0,11.0,9.0,1.0,1.0,1.0,4.0,4.0
533,1.0,1.0,5.0,3.0,12.0,2.0,2.0,1.0,2.0,58.0,1.0,4.0,4.0,1.0,10.0,2.0,1.0,1.0,2.0,3.0,4.0
534,1.0,1.0,2.0,3.0,2.0,6.0,2.0,1.0,2.0,31.0,4.0,2.0,2.0,2.0,5.0,4.0,1.0,1.0,2.0,3.0,4.0
535,1.0,4.0,2.0,1.0,10.0,1.0,2.0,1.0,1.0,34.0,1.0,4.0,1.0,1.0,15.0,9.0,1.0,1.0,1.0,2.0,4.0
536,1.0,4.0,3.0,2.0,11.0,3.0,2.0,1.0,1.0,39.0,1.0,4.0,1.0,1.0,14.0,1.0,1.0,1.0,3.0,2.0,4.0
537,0.0,3.0,1.0,3.0,2.0,3.0,2.0,1.0,1.0,67.0,1.0,1.0,1.0,5.0,11.0,6.0,0.0,1.0,1.0,1.0,2.0
538,1.0,2.0,3.0,2.0,10.0,3.0,2.0,1.0,1.0,38.0,4.0,3.0,5.0,2.0,4.0,9.0,1.0,1.0,2.0,3.0,4.0
539,1.0,2.0,4.0,4.0,10.0,2.0,2.0,1.0,1.0,28.0,4.0,1.0,6.0,1.0,12.0,9.0,1.0,1.0,2.0,3.0,4.0
540,1.0,1.0,7.0,5.0,2.0,4.0,2.0,1.0,2.0,54.0,1.0,2.0,4.0,1.0,7.0,7.0,1.0,1.0,1.0,1.0,4.0
541,1.0,1.0,3.0,3.0,1.0,4.0,2.0,1.0,2.0,31.0,1.0,3.0,1.0,1.0,10.0,5.0,1.0,1.0,2.0,1.0,2.0
542,0.0,2.0,1.0,1.0,11.0,1.0,2.0,1.0,2.0,32.0,1.0,4.0,1.0,1.0,11.0,9.0,1.0,0.0,2.0,1.0,4.0
543,0.0,1.0,7.0,5.0,1.0,9.0,2.0,1.0,2.0,62.0,1.0,2.0,1.0,2.0,10.0,6.0,1.0,1.0,1.0,1.0,4.0
544,0.0,1.0,2.0,3.0,12.0,7.0,2.0,1.0,2.0,36.0,5.0,1.0,3.0,1.0,10.0,4.0,1.0,1.0,2.0,3.0,4.0
545,1.0,1.0,1.0,1.0,9.0,1.0,2.0,1.0,1.0,64.0,1.0,3.0,1.0,2.0,11.0,3.0,1.0,1.0,1.0,1.0,3.0
546,0.0,3.0,6.0,3.0,1.0,7.0,2.0,1.0,1.0,64.0,1.0,4.0,1.0,1.0,14.0,7.0,1.0,1.0,1.0,1.0,4.0
547,0.0,2.0,2.0,2.0,10.0,1.0,2.0,1.0,2.0,20.0,1.0,2.0,5.0,6.0,2.0,9.0,0.0,1.0,1.0,1.0,4.0
548,1.0,1.0,4.0,3.0,11.0,2.0,2.0,1.0,2.0,33.0,1.0,3.0,1.0,7.0,13.0,3.0,0.0,1.0,1.0,1.0,4.0
549,1.0,2.0,2.0,3.0,2.0,2.0,2.0,1.0,2.0,37.0,4.0,2.0,4.0,7.0,1.0,9.0,1.0,0.0,2.0,1.0,4.0
550,0.0,2.0,2.0,3.0,12.0,9.0,2.0,1.0,2.0,44.0,2.0,3.0,3.0,1.0,7.0,5.0,1.0,0.0,2.0,4.0,4.0
551,0.0,3.0,1.0,1.0,12.0,4.0,2.0,1.0,2.0,69.0,4.0,2.0,2.0,1.0,7.0,5.0,1.0,1.0,1.0,2.0,4.0
552,1.0,3.0,1.0,3.0,1.0,9.0,2.0,1.0,2.0,68.0,2.0,3.0,1.0,5.0,10.0,3.0,1.0,1.0,1.0,1.0,2.0
553,0.0,3.0,1.0,2.0,1.0,2.0,2.0,1.0,2.0,73.0,5.0,5.0,6.0,2.0,15.0,9.0,1.0,1.0,1.0,1.0,2.0
554,1.0,1.0,6.0,3.0,1.0,8.0,2.0,1.0,2.0,27.0,4.0,4.0,5.0,1.0,4.0,7.0,1.0,0.0,3.0,3.0,4.0
555,1.0,2.0,2.0,4.0,12.0,1.0,2.0,1.0,2.0,51.0,1.0,3.0,6.0,6.0,2.0,4.0,1.0,1.0,2.0,3.0,4.0
556,1.0,2.0,7.0,5.0,2.0,7.0,2.0,1.0,2.0,65.0,1.0,3.0,1.0,5.0,17.0,1.0,1.0,1.0,1.0,1.0,3.0
557,0.0,1.0,6.0,3.0,2.0,1.0,2.0,1.0,2.0,65.0,1.0,4.0,1.0,7.0,13.0,1.0,0.0,1.0,1.0,1.0,4.0
558,1.0,1.0,7.0,5.0,1.0,8.0,2.0,1.0,2.0,66.0,1.0,5.0,2.0,2.0,12.0,9.0,1.0,1.0,1.0,1.0,2.0
559,0.0,1.0,1.0,3.0,1.0,3.0,2.0,1.0,2.0,81.0,1.0,5.0,1.0,5.0,10.0,5.0,1.0,1.0,1.0,1.0,3.0
560,1.0,3.0,4.0,4.0,2.0,2.0,2.0,1.0,2.0,55.0,1.0,3.0,1.0,6.0,2.0,2.0,0.0,1.0,1.0,1.0,2.0
561,0.0,3.0,3.0,3.0,11.0,2.0,2.0,1.0,2.0,48.0,2.0,3.0,5.0,6.0,6.0,5.0,1.0,1.0,2.0,1.0,3.0
562,1.0,5.0,7.0,5.0,11.0,1.0,2.0,1.0,1.0,31.0,1.0,2.0,5.0,2.0,7.0,5.0,1.0,0.0,2.0,1.0,4.0
563,1.0,2.0,2.0,3.0,5.0,2.0,2.0,1.0,2.0,54.0,1.0,4.0,4.0,2.0,12.0,2.0,1.0,1.0,1.0,3.0,4.0
564,1.0,1.0,7.0,3.0,2.0,1.0,2.0,1.0,1.0,78.0,4.0,5.0,5.0,5.0,15.0,7.0,1.0,1.0,1.0,1.0,4.0
565,0.0,4.0,2.0,3.0,11.0,1.0,2.0,1.0,2.0,34.0,1.0,4.0,6.0,6.0,11.0,3.0,1.0,1.0,1.0,1.0,4.0
566,0.0,1.0,5.0,3.0,1.0,1.0,2.0,1.0,2.0,76.0,1.0,3.0,4.0,5.0,18.0,3.0,1.0,1.0,1.0,1.0,4.0
567,0.0,2.0,4.0,3.0,11.0,2.0,2.0,1.0,1.0,39.0,2.0,3.0,5.0,2.0,3.0,7.0,1.0,1.0,2.0,3.0,4.0
568,1.0,4.0,6.0,3.0,12.0,2.0,2.0,1.0,2.0,47.0,1.0,3.0,1.0,1.0,14.0,5.0,1.0,1.0,1.0,1.0,2.0
569,1.0,3.0,3.0,3.0,12.0,2.0,2.0,1.0,1.0,28.0,1.0,4.0,1.0,1.0,10.0,3.0,1.0,1.0,1.0,1.0,4.0
570,0.0,1.0,5.0,4.0,1.0,8.0,2.0,1.0,2.0,66.0,1.0,1.0,1.0,6.0,6.0,7.0,1.0,1.0,1.0,1.0,4.0
571,1.0,2.0,3.0,3.0,2.0,3.0,2.0,1.0,1.0,80.0,1.0,4.0,1.0,5.0,14.0,5.0,1.0,1.0,1.0,1.0,2.0
572,1.0,3.0,2.0,4.0,2.0,2.0,2.0,1.0,2.0,31.0,4.0,1.0,1.0,1.0,4.0,8.0,1.0,0.0,2.0,3.0,4.0
573,1.0,3.0,4.0,4.0,12.0,5.0,2.0,1.0,2.0,58.0,2.0,2.0,3.0,1.0,1.0,7.0,1.0,0.0,2.0,1.0,4.0
574,1.0,1.0,3.0,2.0,11.0,1.0,2.0,1.0,2.0,50.0,1.0,3.0,3.0,4.0,5.0,4.0,1.0,1.0,1.0,1.0,4.0
575,1.0,2.0,2.0,2.0,1.0,5.0,2.0,1.0,2.0,40.0,2.0,5.0,5.0,6.0,4.0,5.0,1.0,1.0,2.0,3.0,4.0
576,0.0,2.0,6.0,4.0,1.0,8.0,2.0,1.0,2.0,71.0,1.0,2.0,1.0,5.0,11.0,3.0,1.0,1.0,1.0,1.0,2.0
577,1.0,4.0,1.0,2.0,11.0,1.0,2.0,1.0,1.0,67.0,1.0,5.0,1.0,5.0,14.0,2.0,1.0,1.0,1.0,2.0,3.0
578,1.0,1.0,7.0,5.0,12.0,8.0,2.0,1.0,2.0,77.0,5.0,3.0,3.0,5.0,6.0,8.0,1.0,1.0,2.0,1.0,2.0
579,0.0,3.0,6.0,3.0,12.0,1.0,2.0,1.0,1.0,34.0,1.0,2.0,1.0,1.0,10.0,3.0,0.0,1.0,1.0,1.0,4.0
580,0.0,2.0,1.0,2.0,12.0,1.0,2.0,1.0,1.0,72.0,2.0,4.0,3.0,1.0,10.0,5.0,1.0,1.0,1.0,1.0,3.0
581,0.0,1.0,1.0,2.0,10.0,1.0,2.0,1.0,2.0,64.0,1.0,5.0,1.0,1.0,11.0,1.0,0.0,1.0,1.0,1.0,4.0
582,1.0,5.0,1.0,1.0,3.0,8.0,2.0,1.0,1.0,55.0,1.0,3.0,1.0,1.0,14.0,9.0,1.0,1.0,1.0,2.0,4.0
583,0.0,3.0,6.0,4.0,1.0,2.0,2.0,1.0,1.0,61.0,1.0,3.0,1.0,5.0,8.0,5.0,0.0,0.0,1.0,1.0,4.0
584,0.0,3.0,2.0,2.0,5.0,3.0,2.0,1.0,2.0,27.0,1.0,2.0,4.0,1.0,8.0,3.0,0.0,0.0,1.0,1.0,4.0
585,1.0,2.0,7.0,5.0,1.0,6.0,2.0,1.0,1.0,27.0,1.0,3.0,5.0,4.0,10.0,9.0,1.0,1.0,1.0,1.0,2.0
586,1.0,3.0,2.0,-1.0,2.0,2.0,2.0,1.0,2.0,24.0,4.0,3.0,5.0,4.0,6.0,3.0,1.0,0.0,3.0,4.0,3.0
587,0.0,3.0,7.0,4.0,12.0,4.0,2.0,1.0,1.0,25.0,5.0,3.0,1.0,1.0,9.0,8.0,1.0,0.0,2.0,3.0,4.0
588,0.0,2.0,4.0,3.0,2.0,1.0,2.0,1.0,1.0,56.0,1.0,3.0,1.0,1.0,13.0,8.0,1.0,1.0,1.0,1.0,4.0
589,0.0,2.0,2.0,3.0,2.0,4.0,2.0,1.0,1.0,45.0,1.0,4.0,1.0,1.0,15.0,2.0,1.0,1.0,1.0,2.0,4.0
590,1.0,3.0,4.0,4.0,12.0,4.0,2.0,1.0,2.0,33.0,1.0,1.0,3.0,1.0,6.0,5.0,1.0,1.0,1.0,4.0,4.0
591,1.0,2.0,3.0,3.0,2.0,4.0,2.0,1.0,2.0,67.0,1.0,3.0,2.0,2.0,4.0,4.0,1.0,1.0,2.0,2.0,4.0
592,0.0,1.0,5.0,3.0,11.0,3.0,2.0,1.0,1.0,72.0,1.0,3.0,1.0,5.0,11.0,9.0,1.0,1.0,1.0,1.0,4.0
593,0.0,3.0,1.0,3.0,11.0,5.0,2.0,1.0,2.0,31.0,2.0,3.0,5.0,1.0,8.0,3.0,1.0,1.0,2.0,2.0,4.0
594,1.0,5.0,7.0,5.0,1.0,8.0,2.0,1.0,2.0,64.0,1.0,3.0,1.0,5.0,11.0,5.0,1.0,1.0,1.0,2.0,4.0
595,0.0,2.0,4.0,3.0,11.0,1.0,2.0,1.0,2.0,26.0,1.0,1.0,5.0,1.0,7.0,2.0,0.0,1.0,2.0,3.0,1.0
596,1.0,1.0,4.0,1.0,13.0,1.0,2.0,1.0,1.0,38.0,1.0,1.0,5.0,4.0,10.0,5.0,1.0,1.0,2.0,2.0,4.0
597,0.0,1.0,1.0,-1.0,12.0,4.0,2.0,1.0,2.0,45.0,2.0,2.0,5.0,1.0,8.0,9.0,1.0,1.0,2.0,3.0,4.0
598,0.0,2.0,1.0,2.0,8.0,2.0,2.0,1.0,2.0,44.0,6.0,5.0,1.0,1.0,17.0,3.0,1.0,1.0,1.0,1.0,4.0
599,1.0,3.0,2.0,3.0,1.0,8.0,2.0,1.0,1.0,29.0,2.0,3.0,6.0,1.0,5.0,6.0,0.0,0.0,1.0,1.0,4.0
600,1.0,1.0,7.0,5.0,2.0,1.0,2.0,1.0,2.0,58.0,1.0,3.0,1.0,1.0,14.0,5.0,1.0,1.0,1.0,1.0,4.0
601,1.0,1.0,5.0,4.0,2.0,7.0,2.0,1.0,1.0,74.0,1.0,4.0,1.0,2.0,10.0,7.0,1.0,1.0,1.0,1.0,3.0
602,1.0,4.0,2.0,3.0,11.0,2.0,2.0,1.0,2.0,59.0,1.0,5.0,3.0,1.0,12.0,8.0,1.0,1.0,1.0,1.0,4.0
603,1.0,4.0,1.0,1.0,11.0,1.0,2.0,1.0,2.0,33.0,3.0,5.0,1.0,4.0,2.0,5.0,1.0,1.0,2.0,3.0,4.0
604,1.0,1.0,3.0,1.0,14.0,1.0,2.0,1.0,1.0,21.0,1.0,3.0,5.0,1.0,3.0,8.0,1.0,1.0,2.0,3.0,4.0
605,1.0,2.0,2.0,3.0,9.0,1.0,2.0,1.0,1.0,63.0,1.0,4.0,4.0,5.0,18.0,9.0,1.0,1.0,1.0,1.0,4.0
606,1.0,3.0,4.0,3.0,1.0,6.0,2.0,1.0,1.0,30.0,4.0,4.0,1.0,1.0,10.0,9.0,1.0,1.0,1.0,1.0,4.0
607,0.0,3.0,4.0,1.0,9.0,1.0,2.0,1.0,1.0,28.0,4.0,3.0,5.0,1.0,10.0,8.0,1.0,0.0,2.0,3.0,4.0
608,0.0,1.0,5.0,4.0,2.0,9.0,2.0,1.0,2.0,75.0,1.0,2.0,4.0,5.0,5.0,9.0,1.0,0.0,2.0,3.0,2.0
609,1.0,1.0,5.0,5.0,14.0,1.0,2.0,1.0,1.0,35.0,5.0,2.0,5.0,1.0,8.0,1.0,1.0,1.0,2.0,1.0,4.0
610,1.0,1.0,7.0,4.0,2.0,8.0,2.0,1.0,2.0,46.0,4.0,2.0,1.0,2.0,13.0,8.0,1.0,1.0,1.0,1.0,2.0
611,0.0,4.0,1.0,1.0,2.0,5.0,2.0,1.0,1.0,24.0,4.0,4.0,5.0,3.0,6.0,3.0,1.0,1.0,2.0,4.0,4.0
612,0.0,5.0,7.0,3.0,2.0,1.0,2.0,1.0,2.0,30.0,4.0,2.0,5.0,7.0,10.0,5.0,0.0,0.0,2.0,4.0,4.0
613,1.0,5.0,3.0,3.0,13.0,2.0,2.0,1.0,1.0,36.0,1.0,4.0,1.0,1.0,15.0,3.0,0.0,1.0,1.0,1.0,4.0
614,1.0,2.0,6.0,4.0,1.0,3.0,2.0,1.0,1.0,35.0,1.0,3.0,1.0,1.0,16.0,4.0,1.0,1.0,1.0,1.0,4.0
615,0.0,2.0,5.0,3.0,2.0,2.0,2.0,1.0,1.0,57.0,1.0,3.0,1.0,1.0,13.0,4.0,1.0,1.0,1.0,1.0,2.0
616,0.0,2.0,2.0,3.0,12.0,3.0,2.0,1.0,1.0,37.0,2.0,4.0,1.0,1.0,13.0,5.0,1.0,1.0,1.0,1.0,4.0
617,0.0,3.0,3.0,2.0,3.0,8.0,2.0,1.0,1.0,46.0,1.0,5.0,1.0,1.0,13.0,8.0,1.0,1.0,1.0,1.0,4.0
618,0.0,1.0,6.0,4.0,1.0,9.0,2.0,1.0,1.0,30.0,4.0,1.0,1.0,3.0,3.0,6.0,1.0,1.0,1.0,4.0,4.0
619,0.0,1.0,7.0,5.0,1.0,8.0,2.0,1.0,1.0,77.0,1.0,3.0,1.0,2.0,10.0,4.0,0.0,1.0,1.0,1.0,3.0
620,0.0,2.0,7.0,4.0,12.0,4.0,2.0,1.0,1.0,65.0,1.0,3.0,1.0,5.0,17.0,4.0,1.0,1.0,1.0,1.0,4.0
621,1.0,4.0,1.0,5.0,12.0,1.0,2.0,1.0,2.0,67.0,1.0,3.0,5.0,5.0,4.0,5.0,1.0,1.0,1.0,1.0,1.0
622,1.0,2.0,3.0,3.0,12.0,1.0,2.0,1.0,2.0,56.0,2.0,3.0,2.0,1.0,14.0,2.0,1.0,1.0,2.0,3.0,3.0
623,1.0,1.0,4.0,3.0,11.0,2.0,2.0,1.0,2.0,59.0,1.0,3.0,5.0,1.0,2.0,5.0,1.0,0.0,1.0,5.0,4.0
624,0.0,1.0,3.0,3.0,11.0,1.0,2.0,1.0,2.0,66.0,1.0,3.0,1.0,1.0,14.0,9.0,1.0,1.0,1.0,1.0,4.0
625,0.0,4.0,4.0,3.0,12.0,4.0,2.0,1.0,1.0,59.0,1.0,3.0,1.0,5.0,15.0,3.0,1.0,1.0,1.0,1.0,3.0
626,0.0,3.0,4.0,3.0,2.0,7.0,2.0,1.0,1.0,28.0,4.0,3.0,5.0,7.0,7.0,9.0,1.0,1.0,2.0,3.0,4.0
627,0.0,2.0,2.0,3.0,2.0,5.0,2.0,1.0,2.0,26.0,1.0,5.0,5.0,7.0,12.0,7.0,1.0,1.0,1.0,1.0,4.0
628,0.0,5.0,1.0,3.0,11.0,1.0,2.0,1.0,2.0,71.0,1.0,5.0,4.0,5.0,9.0,9.0,1.0,1.0,2.0,1.0,4.0
629,0.0,5.0,1.0,2.0,1.0,7.0,2.0,1.0,2.0,63.0,1.0,5.0,1.0,1.0,15.0,5.0,1.0,1.0,1.0,2.0,2.0
630,0.0,3.0,5.0,3.0,2.0,3.0,2.0,1.0,1.0,32.0,1.0,3.0,1.0,1.0,12.0,8.0,1.0,1.0,1.0,1.0,4.0
631,0.0,4.0,1.0,5.0,12.0,4.0,2.0,1.0,2.0,42.0,1.0,3.0,1.0,1.0,6.0,5.0,1.0,1.0,1.0,4.0,4.0
632,0.0,3.0,4.0,3.0,1.0,8.0,2.0,1.0,2.0,65.0,1.0,2.0,1.0,5.0,14.0,7.0,1.0,1.0,1.0,1.0,4.0
633,0.0,2.0,1.0,1.0,1.0,2.0,2.0,1.0,1.0,25.0,4.0,3.0,5.0,4.0,12.0,2.0,1.0,1.0,3.0,1.0,4.0
634,0.0,1.0,5.0,3.0,10.0,3.0,2.0,1.0,1.0,54.0,1.0,4.0,1.0,1.0,15.0,1.0,1.0,1.0,1.0,1.0,3.0
635,1.0,3.0,2.0,3.0,2.0,8.0,2.0,1.0,2.0,42.0,4.0,3.0,1.0,1.0,4.0,3.0,1.0,1.0,1.0,1.0,4.0
636,1.0,3.0,4.0,3.0,12.0,6.0,2.0,1.0,2.0,61.0,1.0,3.0,3.0,1.0,8.0,2.0,1.0,1.0,1.0,1.0,1.0
637,1.0,2.0,3.0,3.0,13.0,8.0,2.0,1.0,1.0,57.0,4.0,3.0,5.0,1.0,8.0,5.0,1.0,1.0,1.0,4.0,4.0
638,0.0,2.0,4.0,3.0,10.0,1.0,2.0,1.0,1.0,80.0,1.0,4.0,1.0,2.0,10.0,2.0,1.0,1.0,1.0,1.0,2.0
639,0.0,3.0,2.0,3.0,12.0,8.0,2.0,1.0,2.0,49.0,2.0,5.0,1.0,1.0,11.0,3.0,1.0,1.0,1.0,3.0,4.0
640,1.0,1.0,5.0,3.0,12.0,2.0,2.0,1.0,1.0,88.0,1.0,3.0,2.0,1.0,6.0,3.0,1.0,1.0,1.0,1.0,4.0
641,1.0,4.0,1.0,1.0,2.0,7.0,2.0,1.0,2.0,29.0,4.0,5.0,5.0,1.0,9.0,9.0,1.0,1.0,2.0,3.0,2.0
642,1.0,2.0,6.0,5.0,14.0,8.0,2.0,1.0,2.0,71.0,1.0,3.0,1.0,5.0,13.0,5.0,1.0,1.0,1.0,1.0,4.0
643,0.0,2.0,2.0,3.0,2.0,3.0,2.0,1.0,2.0,70.0,1.0,3.0,5.0,2.0,3.0,9.0,1.0,1.0,2.0,1.0,2.0
644,0.0,3.0,4.0,3.0,1.0,8.0,2.0,1.0,1.0,35.0,4.0,2.0,5.0,2.0,7.0,9.0,1.0,1.0,1.0,1.0,2.0
645,1.0,2.0,4.0,3.0,5.0,2.0,2.0,1.0,2.0,74.0,4.0,3.0,2.0,5.0,5.0,5.0,1.0,1.0,1.0,3.0,2.0
646,0.0,1.0,6.0,3.0,12.0,7.0,2.0,1.0,2.0,35.0,4.0,3.0,1.0,3.0,13.0,8.0,1.0,1.0,2.0,3.0,4.0
647,0.0,3.0,2.0,3.0,2.0,5.0,2.0,1.0,1.0,46.0,4.0,4.0,1.0,1.0,13.0,8.0,1.0,1.0,1.0,1.0,2.0
648,0.0,1.0,6.0,3.0,2.0,8.0,2.0,1.0,1.0,72.0,1.0,3.0,1.0,5.0,6.0,5.0,1.0,1.0,1.0,3.0,3.0
649,0.0,2.0,1.0,3.0,9.0,1.0,2.0,1.0,1.0,22.0,4.0,2.0,5.0,2.0,10.0,5.0,1.0,1.0,1.0,1.0,4.0
650,1.0,5.0,1.0,1.0,1.0,4.0,2.0,1.0,1.0,41.0,1.0,5.0,1.0,1.0,10.0,3.0,1.0,1.0,1.0,1.0,4.0
651,1.0,5.0,1.0,3.0,1.0,3.0,2.0,1.0,2.0,70.0,1.0,2.0,1.0,5.0,9.0,9.0,1.0,1.0,1.0,1.0,4.0
652,1.0,4.0,4.0,3.0,2.0,6.0,2.0,1.0,2.0,43.0,1.0,3.0,5.0,1.0,4.0,4.0,1.0,1.0,2.0,1.0,4.0
653,0.0,3.0,2.0,3.0,12.0,6.0,2.0,1.0,2.0,26.0,2.0,3.0,5.0,4.0,2.0,3.0,1.0,0.0,2.0,1.0,4.0
654,1.0,5.0,7.0,4.0,2.0,4.0,2.0,1.0,2.0,56.0,1.0,3.0,3.0,1.0,7.0,1.0,0.0,1.0,1.0,1.0,3.0
655,1.0,2.0,4.0,2.0,2.0,1.0,2.0,1.0,2.0,29.0,4.0,2.0,1.0,7.0,9.0,3.0,1.0,1.0,2.0,3.0,4.0
656,1.0,2.0,1.0,1.0,11.0,2.0,2.0,1.0,1.0,42.0,1.0,5.0,1.0,1.0,15.0,2.0,1.0,1.0,2.0,1.0,4.0
657,0.0,1.0,5.0,4.0,12.0,4.0,2.0,1.0,2.0,85.0,1.0,3.0,3.0,5.0,10.0,1.0,1.0,1.0,1.0,3.0,3.0
658,1.0,1.0,2.0,3.0,2.0,2.0,2.0,1.0,1.0,70.0,1.0,4.0,1.0,1.0,11.0,2.0,1.0,1.0,1.0,1.0,3.0
659,1.0,3.0,1.0,3.0,11.0,1.0,2.0,1.0,2.0,63.0,4.0,4.0,1.0,5.0,10.0,9.0,1.0,1.0,1.0,1.0,1.0
660,1.0,2.0,4.0,4.0,1.0,5.0,2.0,1.0,1.0,73.0,1.0,3.0,1.0,5.0,7.0,3.0,0.0,1.0,1.0,1.0,2.0
661,0.0,1.0,4.0,3.0,12.0,1.0,2.0,1.0,1.0,30.0,1.0,3.0,5.0,4.0,11.0,3.0,1.0,1.0,1.0,1.0,4.0
662,0.0,2.0,1.0,3.0,2.0,3.0,2.0,1.0,2.0,69.0,1.0,2.0,1.0,5.0,5.0,2.0,1.0,1.0,1.0,1.0,2.0
663,0.0,4.0,3.0,3.0,10.0,1.0,2.0,1.0,2.0,40.0,2.0,5.0,1.0,1.0,15.0,7.0,1.0,1.0,1.0,1.0,4.0
664,1.0,3.0,6.0,3.0,12.0,3.0,2.0,1.0,1.0,26.0,1.0,1.0,1.0,4.0,9.0,8.0,0.0,1.0,2.0,1.0,4.0
665,0.0,3.0,1.0,1.0,1.0,1.0,2.0,1.0,2.0,66.0,1.0,2.0,2.0,1.0,6.0,4.0,1.0,1.0,1.0,1.0,1.0
666,0.0,1.0,7.0,5.0,1.0,9.0,2.0,1.0,2.0,56.0,1.0,4.0,1.0,2.0,10.0,4.0,0.0,1.0,3.0,1.0,3.0
667,0.0,2.0,7.0,5.0,1.0,8.0,2.0,1.0,1.0,75.0,1.0,3.0,3.0,5.0,4.0,7.0,1.0,1.0,1.0,4.0,4.0
668,1.0,1.0,7.0,5.0,1.0,3.0,2.0,1.0,1.0,63.0,1.0,2.0,3.0,1.0,9.0,7.0,1.0,1.0,1.0,1.0,4.0
669,1.0,2.0,2.0,3.0,1.0,2.0,2.0,1.0,1.0,77.0,1.0,3.0,1.0,5.0,9.0,5.0,1.0,1.0,1.0,1.0,2.0
670,0.0,2.0,7.0,4.0,1.0,6.0,2.0,1.0,2.0,49.0,1.0,3.0,1.0,1.0,10.0,6.0,1.0,1.0,1.0,4.0,4.0
671,1.0,2.0,2.0,1.0,11.0,1.0,2.0,1.0,2.0,23.0,4.0,1.0,6.0,6.0,5.0,9.0,1.0,1.0,3.0,1.0,4.0
672,1.0,2.0,2.0,3.0,2.0,1.0,2.0,1.0,2.0,31.0,4.0,3.0,1.0,2.0,14.0,5.0,1.0,1.0,1.0,1.0,4.0
673,1.0,2.0,7.0,4.0,1.0,3.0,2.0,1.0,1.0,81.0,1.0,5.0,1.0,5.0,18.0,9.0,1.0,1.0,1.0,1.0,3.0
674,1.0,2.0,3.0,3.0,8.0,5.0,2.0,1.0,2.0,77.0,6.0,4.0,1.0,5.0,15.0,9.0,1.0,1.0,1.0,1.0,4.0
675,1.0,3.0,2.0,1.0,14.0,3.0,2.0,1.0,1.0,30.0,1.0,3.0,5.0,6.0,2.0,4.0,1.0,1.0,1.0,1.0,3.0
676,1.0,1.0,4.0,3.0,11.0,2.0,2.0,1.0,2.0,69.0,1.0,3.0,3.0,5.0,7.0,9.0,1.0,1.0,1.0,3.0,4.0
677,1.0,2.0,3.0,1.0,9.0,1.0,2.0,1.0,1.0,40.0,1.0,3.0,1.0,1.0,13.0,4.0,0.0,1.0,1.0,1.0,4.0
678,1.0,3.0,4.0,4.0,12.0,7.0,2.0,1.0,1.0,24.0,2.0,2.0,1.0,1.0,5.0,2.0,1.0,0.0,2.0,3.0,4.0
679,1.0,1.0,4.0,4.0,3.0,6.0,2.0,1.0,1.0,24.0,4.0,3.0,5.0,2.0,4.0,9.0,1.0,1.0,1.0,1.0,4.0
680,0.0,2.0,4.0,3.0,2.0,4.0,2.0,1.0,2.0,68.0,4.0,2.0,6.0,2.0,4.0,7.0,1.0,0.0,2.0,2.0,4.0
681,1.0,1.0,3.0,3.0,2.0,4.0,2.0,1.0,1.0,67.0,2.0,3.0,5.0,1.0,5.0,7.0,1.0,1.0,2.0,3.0,4.0
682,0.0,1.0,2.0,4.0,12.0,9.0,2.0,1.0,2.0,32.0,2.0,2.0,3.0,1.0,5.0,7.0,1.0,1.0,2.0,1.0,2.0
683,1.0,3.0,1.0,1.0,4.0,4.0,2.0,1.0,2.0,48.0,1.0,5.0,1.0,1.0,10.0,9.0,1.0,1.0,2.0,1.0,2.0
684,1.0,5.0,3.0,3.0,12.0,9.0,2.0,1.0,1.0,38.0,1.0,5.0,1.0,1.0,11.0,4.0,0.0,1.0,1.0,1.0,4.0
685,0.0,4.0,6.0,3.0,2.0,3.0,2.0,1.0,2.0,60.0,1.0,4.0,1.0,2.0,16.0,4.0,1.0,1.0,1.0,1.0,2.0
686,0.0,3.0,4.0,5.0,1.0,2.0,2.0,1.0,2.0,52.0,1.0,3.0,1.0,1.0,7.0,4.0,1.0,1.0,1.0,1.0,4.0
687,0.0,3.0,1.0,3.0,12.0,2.0,2.0,1.0,1.0,70.0,1.0,2.0,1.0,5.0,3.0,9.0,1.0,1.0,1.0,1.0,4.0
688,1.0,2.0,2.0,3.0,6.0,8.0,2.0,1.0,2.0,28.0,4.0,4.0,5.0,4.0,10.0,5.0,1.0,1.0,1.0,1.0,2.0
689,0.0,1.0,1.0,3.0,1.0,8.0,2.0,1.0,2.0,72.0,2.0,3.0,2.0,5.0,9.0,5.0,1.0,1.0,2.0,3.0,1.0
690,1.0,1.0,7.0,4.0,2.0,4.0,2.0,1.0,1.0,33.0,1.0,4.0,1.0,1.0,14.0,3.0,0.0,1.0,1.0,2.0,4.0
691,0.0,2.0,1.0,3.0,12.0,8.0,2.0,1.0,1.0,24.0,2.0,4.0,5.0,7.0,9.0,4.0,1.0,1.0,2.0,1.0,4.0
692,1.0,3.0,2.0,3.0,2.0,2.0,2.0,1.0,2.0,30.0,2.0,1.0,1.0,1.0,2.0,5.0,1.0,0.0,2.0,3.0,2.0
693,1.0,4.0,1.0,1.0,11.0,2.0,2.0,1.0,2.0,61.0,1.0,3.0,3.0,1.0,7.0,7.0,1.0,0.0,1.0,1.0,2.0
694,0.0,2.0,4.0,3.0,12.0,4.0,2.0,1.0,2.0,54.0,1.0,3.0,2.0,2.0,9.0,5.0,1.0,1.0,2.0,1.0,4.0
695,0.0,2.0,6.0,3.0,2.0,2.0,2.0,1.0,1.0,71.0,1.0,3.0,1.0,5.0,13.0,3.0,1.0,1.0,1.0,1.0,2.0
696,0.0,1.0,5.0,4.0,14.0,8.0,2.0,1.0,1.0,66.0,1.0,3.0,1.0,5.0,10.0,6.0,1.0,1.0,2.0,3.0,4.0
697,0.0,3.0,4.0,3.0,14.0,9.0,2.0,1.0,2.0,37.0,4.0,5.0,2.0,1.0,3.0,9.0,1.0,1.0,2.0,2.0,4.0
698,1.0,3.0,5.0,4.0,1.0,7.0,2.0,1.0,1.0,79.0,1.0,2.0,2.0,5.0,6.0,5.0,1.0,1.0,1.0,1.0,4.0
699,0.0,5.0,6.0,3.0,2.0,3.0,2.0,1.0,2.0,54.0,4.0,3.0,1.0,1.0,18.0,8.0,1.0,1.0,1.0,1.0,4.0
700,1.0,2.0,2.0,4.0,2.0,7.0,2.0,1.0,1.0,65.0,1.0,3.0,1.0,1.0,7.0,2.0,1.0,1.0,2.0,3.0,2.0
701,0.0,2.0,3.0,3.0,12.0,1.0,2.0,1.0,2.0,33.0,2.0,3.0,5.0,4.0,11.0,9.0,1.0,1.0,2.0,4.0,4.0
702,1.0,1.0,4.0,3.0,2.0,4.0,2.0,1.0,1.0,59.0,1.0,5.0,1.0,1.0,18.0,4.0,1.0,1.0,1.0,1.0,2.0
703,1.0,1.0,5.0,3.0,10.0,4.0,2.0,1.0,1.0,61.0,4.0,3.0,1.0,1.0,12.0,2.0,1.0,1.0,1.0,1.0,2.0
704,1.0,2.0,6.0,4.0,1.0,8.0,2.0,1.0,1.0,35.0,1.0,4.0,1.0,1.0,15.0,3.0,1.0,1.0,1.0,1.0,4.0
705,0.0,1.0,2.0,4.0,12.0,4.0,2.0,1.0,2.0,27.0,2.0,4.0,5.0,1.0,15.0,5.0,1.0,0.0,1.0,3.0,4.0
706,1.0,2.0,1.0,2.0,2.0,8.0,2.0,1.0,1.0,64.0,1.0,3.0,1.0,5.0,10.0,2.0,1.0,1.0,1.0,1.0,3.0
707,1.0,3.0,2.0,3.0,11.0,2.0,2.0,1.0,1.0,70.0,1.0,5.0,1.0,2.0,14.0,8.0,1.0,1.0,1.0,1.0,4.0
708,1.0,1.0,3.0,3.0,1.0,2.0,2.0,1.0,2.0,72.0,1.0,3.0,2.0,5.0,5.0,8.0,0.0,1.0,1.0,4.0,4.0
709,1.0,1.0,6.0,4.0,12.0,8.0,2.0,1.0,2.0,38.0,1.0,5.0,3.0,1.0,11.0,4.0,1.0,1.0,1.0,1.0,4.0
710,1.0,1.0,7.0,4.0,12.0,3.0,2.0,1.0,2.0,32.0,1.0,5.0,1.0,1.0,12.0,3.0,0.0,1.0,1.0,1.0,4.0
711,0.0,3.0,2.0,3.0,1.0,7.0,2.0,1.0,2.0,79.0,2.0,3.0,4.0,5.0,13.0,9.0,1.0,1.0,2.0,1.0,3.0
712,0.0,2.0,3.0,3.0,11.0,1.0,2.0,1.0,2.0,61.0,1.0,4.0,1.0,1.0,10.0,1.0,0.0,1.0,1.0,1.0,4.0
713,1.0,3.0,1.0,2.0,8.0,7.0,2.0,1.0,2.0,29.0,6.0,5.0,5.0,1.0,14.0,3.0,1.0,1.0,2.0,3.0,4.0
714,0.0,1.0,6.0,4.0,2.0,2.0,2.0,1.0,1.0,55.0,1.0,5.0,1.0,1.0,18.0,5.0,1.0,1.0,1.0,1.0,3.0
715,0.0,3.0,4.0,2.0,2.0,1.0,2.0,1.0,2.0,59.0,1.0,3.0,5.0,1.0,4.0,3.0,0.0,1.0,3.0,3.0,3.0
716,1.0,3.0,1.0,3.0,2.0,2.0,2.0,1.0,2.0,43.0,4.0,4.0,5.0,1.0,13.0,5.0,1.0,1.0,1.0,1.0,4.0
717,0.0,2.0,3.0,3.0,2.0,2.0,2.0,1.0,1.0,43.0,6.0,4.0,3.0,1.0,14.0,5.0,1.0,1.0,1.0,1.0,4.0
718,0.0,2.0,2.0,2.0,14.0,4.0,2.0,1.0,1.0,50.0,2.0,2.0,5.0,4.0,1.0,7.0,1.0,1.0,2.0,3.0,4.0
719,0.0,1.0,4.0,3.0,12.0,7.0,2.0,1.0,1.0,31.0,2.0,3.0,5.0,1.0,4.0,6.0,1.0,1.0,2.0,1.0,4.0
720,0.0,2.0,3.0,3.0,11.0,1.0,2.0,1.0,1.0,44.0,4.0,2.0,1.0,1.0,13.0,3.0,0.0,1.0,1.0,1.0,4.0
721,0.0,3.0,5.0,3.0,1.0,3.0,2.0,1.0,2.0,51.0,1.0,3.0,4.0,6.0,4.0,6.0,0.0,1.0,2.0,1.0,2.0
722,0.0,1.0,3.0,3.0,11.0,6.0,2.0,1.0,1.0,65.0,2.0,3.0,1.0,6.0,11.0,5.0,0.0,1.0,1.0,1.0,2.0
723,0.0,1.0,4.0,3.0,1.0,6.0,2.0,1.0,1.0,68.0,1.0,4.0,1.0,5.0,14.0,5.0,1.0,1.0,1.0,2.0,4.0
724,0.0,1.0,7.0,3.0,12.0,1.0,2.0,1.0,2.0,53.0,1.0,2.0,1.0,1.0,14.0,7.0,1.0,1.0,1.0,1.0,3.0
725,1.0,2.0,2.0,3.0,1.0,6.0,2.0,1.0,2.0,57.0,1.0,5.0,1.0,1.0,8.0,2.0,0.0,0.0,2.0,3.0,4.0
726,1.0,4.0,1.0,1.0,11.0,1.0,2.0,1.0,1.0,56.0,5.0,4.0,1.0,1.0,18.0,2.0,1.0,1.0,1.0,1.0,4.0
727,0.0,1.0,7.0,4.0,12.0,4.0,2.0,1.0,2.0,29.0,1.0,4.0,5.0,1.0,14.0,7.0,0.0,1.0,1.0,1.0,4.0
728,1.0,3.0,6.0,3.0,1.0,6.0,2.0,1.0,1.0,45.0,2.0,3.0,1.0,2.0,13.0,5.0,1.0,1.0,1.0,2.0,4.0
729,1.0,1.0,1.0,3.0,12.0,8.0,2.0,1.0,2.0,36.0,2.0,5.0,5.0,7.0,13.0,5.0,1.0,1.0,2.0,1.0,2.0
730,1.0,4.0,5.0,4.0,9.0,1.0,2.0,1.0,1.0,32.0,6.0,5.0,5.0,1.0,15.0,4.0,1.0,1.0,2.0,3.0,4.0
731,0.0,3.0,6.0,3.0,2.0,6.0,2.0,1.0,1.0,39.0,1.0,4.0,1.0,1.0,11.0,5.0,1.0,1.0,1.0,1.0,4.0
732,1.0,4.0,2.0,3.0,11.0,2.0,2.0,1.0,1.0,39.0,4.0,5.0,1.0,1.0,16.0,9.0,1.0,1.0,1.0,1.0,4.0
733,0.0,3.0,1.0,3.0,9.0,1.0,2.0,1.0,2.0,35.0,6.0,5.0,1.0,1.0,18.0,9.0,1.0,1.0,1.0,1.0,4.0
734,1.0,1.0,7.0,5.0,2.0,8.0,2.0,1.0,2.0,64.0,1.0,2.0,3.0,1.0,4.0,3.0,1.0,1.0,2.0,2.0,3.0
735,1.0,2.0,7.0,3.0,12.0,1.0,2.0,1.0,1.0,56.0,1.0,3.0,3.0,1.0,9.0,5.0,1.0,1.0,3.0,1.0,4.0
736,1.0,4.0,7.0,4.0,2.0,5.0,2.0,1.0,1.0,56.0,1.0,2.0,1.0,2.0,12.0,4.0,1.0,1.0,1.0,1.0,4.0
737,1.0,1.0,5.0,5.0,14.0,2.0,2.0,1.0,1.0,69.0,1.0,5.0,3.0,1.0,13.0,2.0,1.0,1.0,1.0,3.0,4.0
738,0.0,4.0,5.0,5.0,9.0,1.0,2.0,1.0,1.0,32.0,1.0,4.0,1.0,1.0,11.0,7.0,1.0,1.0,1.0,1.0,4.0
739,1.0,3.0,4.0,3.0,11.0,1.0,2.0,1.0,1.0,31.0,5.0,1.0,6.0,2.0,6.0,2.0,1.0,1.0,2.0,2.0,4.0
740,1.0,3.0,1.0,2.0,12.0,1.0,2.0,1.0,2.0,68.0,1.0,3.0,1.0,5.0,6.0,2.0,1.0,1.0,1.0,1.0,4.0
741,1.0,2.0,1.0,1.0,4.0,3.0,2.0,1.0,2.0,26.0,1.0,5.0,5.0,1.0,4.0,2.0,1.0,1.0,2.0,3.0,4.0
742,0.0,3.0,1.0,1.0,10.0,1.0,2.0,1.0,1.0,36.0,4.0,5.0,5.0,3.0,11.0,2.0,1.0,1.0,2.0,3.0,4.0
743,1.0,1.0,7.0,5.0,5.0,8.0,2.0,1.0,1.0,67.0,1.0,3.0,1.0,4.0,6.0,8.0,0.0,0.0,1.0,1.0,4.0
744,1.0,2.0,5.0,4.0,12.0,9.0,2.0,1.0,1.0,64.0,1.0,4.0,1.0,5.0,11.0,4.0,0.0,1.0,1.0,1.0,2.0
745,1.0,4.0,3.0,3.0,11.0,1.0,2.0,1.0,2.0,67.0,4.0,3.0,3.0,2.0,9.0,5.0,1.0,1.0,3.0,4.0,3.0
746,1.0,2.0,2.0,4.0,1.0,6.0,2.0,1.0,2.0,67.0,4.0,3.0,1.0,5.0,9.0,9.0,1.0,1.0,1.0,1.0,3.0
747,0.0,1.0,5.0,3.0,2.0,8.0,2.0,1.0,1.0,49.0,4.0,4.0,1.0,1.0,13.0,7.0,1.0,1.0,1.0,1.0,2.0
748,1.0,2.0,3.0,1.0,2.0,4.0,2.0,1.0,2.0,21.0,4.0,3.0,5.0,1.0,8.0,9.0,1.0,1.0,1.0,1.0,4.0
749,0.0,1.0,1.0,3.0,1.0,7.0,2.0,1.0,1.0,58.0,2.0,5.0,1.0,1.0,17.0,5.0,1.0,1.0,1.0,1.0,3.0
750,0.0,4.0,5.0,3.0,1.0,2.0,2.0,1.0,1.0,50.0,1.0,4.0,1.0,1.0,5.0,3.0,1.0,1.0,2.0,3.0,4.0
751,0.0,1.0,7.0,5.0,1.0,9.0,2.0,1.0,1.0,74.0,4.0,3.0,1.0,2.0,11.0,5.0,1.0,1.0,1.0,1.0,4.0
752,0.0,2.0,2.0,3.0,2.0,9.0,2.0,1.0,2.0,37.0,6.0,4.0,1.0,1.0,16.0,1.0,1.0,1.0,1.0,1.0,4.0
753,1.0,2.0,2.0,3.0,1.0,8.0,2.0,1.0,2.0,71.0,5.0,4.0,3.0,6.0,3.0,4.0,1.0,1.0,1.0,1.0,3.0
754,0.0,1.0,7.0,3.0,11.0,1.0,2.0,1.0,1.0,64.0,1.0,2.0,4.0,5.0,1.0,9.0,1.0,1.0,1.0,2.0,2.0
755,1.0,4.0,1.0,3.0,12.0,8.0,2.0,1.0,2.0,40.0,2.0,5.0,1.0,1.0,14.0,7.0,1.0,1.0,2.0,3.0,3.0
756,1.0,3.0,7.0,3.0,2.0,7.0,2.0,1.0,2.0,62.0,1.0,3.0,1.0,1.0,4.0,3.0,0.0,1.0,1.0,1.0,4.0
757,1.0,3.0,4.0,3.0,2.0,2.0,2.0,1.0,1.0,40.0,4.0,2.0,5.0,7.0,9.0,8.0,1.0,1.0,2.0,3.0,2.0
758,1.0,5.0,4.0,3.0,7.0,1.0,2.0,1.0,2.0,25.0,4.0,3.0,5.0,1.0,5.0,9.0,1.0,1.0,1.0,4.0,4.0
759,1.0,5.0,3.0,2.0,2.0,3.0,2.0,1.0,2.0,64.0,1.0,3.0,3.0,1.0,6.0,4.0,1.0,0.0,1.0,3.0,4.0
760,1.0,3.0,2.0,4.0,1.0,8.0,2.0,1.0,2.0,80.0,2.0,4.0,1.0,5.0,12.0,7.0,1.0,1.0,1.0,1.0,2.0
761,1.0,3.0,6.0,3.0,12.0,8.0,2.0,1.0,2.0,33.0,1.0,1.0,1.0,4.0,1.0,5.0,0.0,0.0,2.0,1.0,4.0
762,1.0,4.0,2.0,3.0,2.0,2.0,2.0,1.0,1.0,63.0,4.0,3.0,4.0,5.0,6.0,9.0,1.0,1.0,1.0,4.0,3.0
763,0.0,2.0,2.0,2.0,10.0,1.0,2.0,1.0,2.0,24.0,4.0,4.0,5.0,1.0,10.0,9.0,1.0,1.0,1.0,1.0,4.0
764,1.0,3.0,4.0,3.0,13.0,1.0,2.0,1.0,2.0,50.0,1.0,3.0,2.0,6.0,5.0,3.0,1.0,1.0,1.0,1.0,4.0
765,1.0,2.0,7.0,5.0,3.0,8.0,2.0,1.0,2.0,33.0,1.0,4.0,1.0,7.0,13.0,4.0,1.0,1.0,1.0,1.0,4.0
766,1.0,3.0,3.0,3.0,12.0,4.0,2.0,1.0,2.0,21.0,2.0,3.0,5.0,7.0,18.0,7.0,1.0,1.0,1.0,1.0,2.0
767,1.0,3.0,2.0,3.0,2.0,8.0,2.0,1.0,2.0,65.0,2.0,3.0,3.0,1.0,12.0,5.0,1.0,1.0,1.0,3.0,3.0
768,0.0,1.0,7.0,5.0,1.0,8.0,2.0,1.0,1.0,87.0,1.0,5.0,1.0,5.0,12.0,6.0,1.0,1.0,1.0,2.0,2.0
769,1.0,1.0,1.0,1.0,9.0,3.0,2.0,1.0,2.0,32.0,4.0,4.0,5.0,1.0,14.0,9.0,1.0,1.0,2.0,3.0,4.0
770,0.0,1.0,5.0,5.0,1.0,3.0,2.0,1.0,1.0,33.0,4.0,2.0,1.0,1.0,14.0,8.0,1.0,1.0,2.0,1.0,4.0
771,1.0,4.0,1.0,2.0,1.0,4.0,2.0,1.0,1.0,67.0,1.0,4.0,5.0,5.0,5.0,5.0,1.0,1.0,1.0,3.0,4.0
772,1.0,3.0,2.0,2.0,1.0,3.0,2.0,1.0,2.0,35.0,5.0,3.0,1.0,6.0,10.0,8.0,1.0,1.0,2.0,1.0,4.0
773,0.0,1.0,2.0,3.0,11.0,3.0,2.0,1.0,1.0,26.0,4.0,5.0,6.0,1.0,13.0,9.0,1.0,1.0,2.0,1.0,4.0
774,1.0,2.0,1.0,2.0,12.0,1.0,2.0,1.0,2.0,37.0,2.0,5.0,6.0,1.0,13.0,5.0,1.0,1.0,1.0,1.0,4.0
775,1.0,2.0,7.0,5.0,14.0,9.0,2.0,1.0,2.0,37.0,3.0,4.0,1.0,7.0,5.0,7.0,1.0,1.0,2.0,3.0,4.0
776,1.0,1.0,2.0,5.0,1.0,8.0,2.0,1.0,1.0,38.0,4.0,3.0,5.0,2.0,7.0,8.0,1.0,1.0,1.0,1.0,4.0
777,1.0,1.0,6.0,5.0,12.0,3.0,2.0,1.0,1.0,36.0,1.0,3.0,1.0,1.0,14.0,9.0,0.0,1.0,1.0,1.0,4.0
778,1.0,1.0,2.0,3.0,11.0,1.0,2.0,1.0,1.0,23.0,4.0,2.0,5.0,1.0,6.0,9.0,1.0,1.0,2.0,3.0,5.0
779,0.0,1.0,2.0,3.0,2.0,8.0,2.0,1.0,1.0,32.0,4.0,3.0,1.0,1.0,7.0,5.0,1.0,1.0,2.0,1.0,4.0
780,1.0,2.0,6.0,4.0,1.0,7.0,2.0,1.0,1.0,44.0,1.0,4.0,1.0,1.0,10.0,3.0,1.0,1.0,1.0,1.0,4.0
781,1.0,1.0,7.0,5.0,12.0,1.0,2.0,1.0,1.0,47.0,1.0,3.0,1.0,1.0,12.0,6.0,1.0,0.0,1.0,1.0,4.0
782,1.0,3.0,6.0,3.0,2.0,4.0,2.0,1.0,2.0,68.0,1.0,3.0,2.0,5.0,7.0,2.0,1.0,1.0,1.0,1.0,4.0
783,0.0,2.0,6.0,4.0,2.0,6.0,2.0,1.0,2.0,27.0,1.0,4.0,5.0,1.0,9.0,5.0,1.0,1.0,1.0,1.0,4.0
784,0.0,4.0,3.0,3.0,2.0,8.0,2.0,1.0,2.0,24.0,4.0,3.0,5.0,1.0,12.0,7.0,1.0,1.0,1.0,1.0,2.0
785,1.0,3.0,6.0,3.0,11.0,3.0,2.0,1.0,1.0,39.0,1.0,2.0,1.0,2.0,12.0,1.0,0.0,1.0,1.0,1.0,2.0
786,1.0,3.0,3.0,3.0,2.0,2.0,2.0,1.0,1.0,75.0,1.0,5.0,5.0,5.0,11.0,5.0,1.0,1.0,1.0,3.0,3.0
787,1.0,2.0,2.0,2.0,11.0,2.0,2.0,1.0,1.0,32.0,4.0,3.0,1.0,7.0,10.0,5.0,1.0,1.0,1.0,1.0,4.0
788,0.0,2.0,6.0,3.0,2.0,8.0,2.0,1.0,1.0,25.0,6.0,3.0,5.0,1.0,1.0,8.0,1.0,1.0,3.0,3.0,4.0
789,0.0,2.0,2.0,3.0,1.0,3.0,2.0,1.0,1.0,53.0,2.0,3.0,4.0,1.0,11.0,6.0,1.0,1.0,2.0,1.0,4.0
790,0.0,1.0,2.0,3.0,1.0,1.0,2.0,1.0,1.0,69.0,1.0,3.0,1.0,6.0,13.0,5.0,1.0,1.0,1.0,4.0,2.0
791,0.0,2.0,2.0,3.0,6.0,4.0,2.0,1.0,2.0,44.0,6.0,3.0,1.0,1.0,13.0,7.0,1.0,1.0,1.0,2.0,4.0
792,1.0,5.0,2.0,5.0,2.0,4.0,2.0,1.0,2.0,58.0,4.0,5.0,1.0,1.0,15.0,3.0,1.0,1.0,1.0,1.0,3.0
793,0.0,4.0,1.0,1.0,1.0,4.0,2.0,1.0,2.0,49.0,1.0,3.0,3.0,6.0,3.0,3.0,0.0,1.0,1.0,1.0,2.0
794,1.0,3.0,2.0,3.0,2.0,1.0,2.0,1.0,2.0,30.0,1.0,4.0,5.0,1.0,18.0,1.0,1.0,1.0,3.0,1.0,4.0
795,0.0,3.0,6.0,3.0,11.0,1.0,2.0,1.0,2.0,55.0,1.0,1.0,2.0,7.0,1.0,3.0,0.0,1.0,2.0,1.0,4.0
796,1.0,2.0,1.0,1.0,4.0,5.0,2.0,1.0,2.0,25.0,4.0,4.0,5.0,1.0,15.0,3.0,1.0,1.0,1.0,1.0,4.0
797,0.0,4.0,2.0,3.0,2.0,8.0,2.0,1.0,1.0,90.0,4.0,3.0,1.0,5.0,10.0,9.0,1.0,1.0,2.0,2.0,3.0
798,0.0,3.0,1.0,3.0,1.0,8.0,2.0,1.0,2.0,70.0,2.0,1.0,3.0,5.0,4.0,3.0,1.0,1.0,2.0,2.0,3.0
799,0.0,3.0,5.0,3.0,2.0,2.0,2.0,1.0,1.0,46.0,4.0,2.0,1.0,1.0,12.0,9.0,1.0,1.0,2.0,3.0,4.0
800,0.0,4.0,2.0,1.0,2.0,5.0,2.0,1.0,1.0,28.0,4.0,3.0,5.0,4.0,9.0,7.0,1.0,1.0,1.0,1.0,4.0
801,1.0,2.0,4.0,4.0,2.0,4.0,2.0,1.0,1.0,34.0,4.0,2.0,3.0,4.0,9.0,8.0,1.0,1.0,2.0,3.0,1.0
802,0.0,1.0,5.0,4.0,2.0,9.0,2.0,1.0,1.0,74.0,1.0,5.0,1.0,2.0,15.0,1.0,1.0,1.0,1.0,1.0,3.0
803,1.0,2.0,7.0,3.0,12.0,7.0,2.0,1.0,2.0,66.0,1.0,3.0,3.0,1.0,11.0,9.0,1.0,1.0,1.0,1.0,4.0
804,1.0,2.0,3.0,3.0,12.0,1.0,2.0,1.0,2.0,55.0,1.0,3.0,4.0,1.0,11.0,1.0,1.0,1.0,1.0,1.0,3.0
805,0.0,2.0,6.0,3.0,2.0,8.0,2.0,1.0,1.0,29.0,1.0,5.0,1.0,1.0,12.0,4.0,1.0,1.0,1.0,1.0,4.0
806,0.0,2.0,2.0,3.0,1.0,4.0,2.0,1.0,2.0,64.0,2.0,5.0,4.0,1.0,14.0,5.0,1.0,1.0,1.0,1.0,2.0
807,0.0,1.0,5.0,4.0,1.0,7.0,2.0,1.0,1.0,42.0,1.0,3.0,1.0,1.0,9.0,5.0,1.0,1.0,1.0,1.0,2.0
808,0.0,3.0,2.0,3.0,2.0,5.0,2.0,1.0,2.0,37.0,4.0,4.0,1.0,1.0,7.0,9.0,1.0,1.0,1.0,4.0,1.0
809,1.0,1.0,5.0,3.0,1.0,9.0,2.0,1.0,1.0,77.0,1.0,5.0,1.0,5.0,11.0,7.0,0.0,1.0,1.0,1.0,2.0
810,0.0,1.0,5.0,4.0,1.0,4.0,2.0,1.0,1.0,55.0,1.0,3.0,5.0,1.0,7.0,3.0,1.0,1.0,1.0,1.0,4.0
811,0.0,2.0,7.0,3.0,12.0,3.0,2.0,1.0,2.0,27.0,1.0,2.0,5.0,1.0,8.0,3.0,1.0,1.0,3.0,1.0,4.0
812,1.0,2.0,2.0,2.0,9.0,1.0,2.0,1.0,1.0,46.0,1.0,3.0,5.0,1.0,8.0,8.0,1.0,1.0,2.0,1.0,4.0
813,1.0,2.0,1.0,2.0,10.0,1.0,2.0,1.0,2.0,32.0,1.0,4.0,1.0,7.0,17.0,9.0,1.0,1.0,1.0,1.0,4.0
814,1.0,1.0,5.0,4.0,11.0,2.0,2.0,1.0,1.0,68.0,5.0,4.0,1.0,5.0,10.0,8.0,0.0,1.0,1.0,1.0,4.0
815,1.0,2.0,6.0,3.0,1.0,7.0,2.0,1.0,2.0,32.0,1.0,5.0,1.0,2.0,14.0,4.0,0.0,1.0,1.0,1.0,4.0
816,1.0,3.0,6.0,3.0,1.0,2.0,2.0,1.0,2.0,30.0,1.0,4.0,6.0,1.0,12.0,3.0,1.0,1.0,1.0,1.0,4.0
817,0.0,2.0,7.0,4.0,2.0,2.0,2.0,1.0,2.0,76.0,1.0,3.0,1.0,5.0,10.0,2.0,1.0,1.0,1.0,1.0,3.0
818,1.0,1.0,7.0,3.0,1.0,9.0,2.0,1.0,1.0,71.0,1.0,3.0,1.0,5.0,5.0,5.0,1.0,1.0,1.0,1.0,2.0
819,0.0,3.0,1.0,1.0,9.0,1.0,2.0,1.0,1.0,55.0,4.0,4.0,6.0,1.0,14.0,3.0,1.0,0.0,1.0,3.0,4.0
820,0.0,1.0,7.0,5.0,12.0,8.0,2.0,1.0,1.0,49.0,1.0,2.0,1.0,1.0,10.0,3.0,0.0,1.0,1.0,1.0,4.0
821,0.0,2.0,2.0,3.0,7.0,1.0,2.0,1.0,2.0,77.0,6.0,3.0,3.0,5.0,13.0,9.0,1.0,1.0,1.0,3.0,3.0
822,1.0,2.0,5.0,3.0,1.0,2.0,2.0,1.0,1.0,68.0,1.0,3.0,1.0,1.0,11.0,5.0,1.0,1.0,1.0,1.0,4.0
823,1.0,3.0,2.0,3.0,9.0,1.0,2.0,1.0,2.0,49.0,1.0,4.0,1.0,1.0,11.0,5.0,1.0,1.0,1.0,1.0,4.0
824,0.0,3.0,7.0,5.0,1.0,4.0,2.0,1.0,1.0,73.0,1.0,2.0,1.0,1.0,11.0,3.0,1.0,1.0,1.0,1.0,2.0
825,0.0,4.0,1.0,2.0,10.0,2.0,2.0,1.0,2.0,64.0,1.0,3.0,5.0,1.0,9.0,5.0,0.0,1.0,2.0,3.0,4.0
826,0.0,3.0,2.0,1.0,11.0,1.0,2.0,1.0,2.0,33.0,2.0,4.0,1.0,1.0,9.0,7.0,1.0,1.0,2.0,3.0,4.0
827,0.0,1.0,5.0,4.0,1.0,8.0,2.0,1.0,1.0,63.0,1.0,4.0,3.0,1.0,11.0,6.0,1.0,0.0,2.0,1.0,4.0
828,0.0,2.0,2.0,2.0,2.0,2.0,2.0,1.0,2.0,78.0,1.0,3.0,1.0,5.0,6.0,9.0,1.0,1.0,1.0,1.0,2.0
829,0.0,1.0,1.0,1.0,9.0,1.0,2.0,1.0,1.0,68.0,1.0,3.0,1.0,1.0,7.0,5.0,0.0,1.0,2.0,3.0,4.0
830,1.0,5.0,1.0,2.0,1.0,8.0,2.0,1.0,2.0,62.0,1.0,4.0,4.0,1.0,9.0,8.0,1.0,1.0,2.0,3.0,4.0
831,0.0,5.0,1.0,2.0,9.0,3.0,2.0,1.0,1.0,72.0,1.0,3.0,1.0,2.0,13.0,7.0,0.0,1.0,1.0,1.0,4.0
832,0.0,2.0,2.0,3.0,12.0,2.0,2.0,1.0,1.0,29.0,1.0,3.0,5.0,1.0,7.0,4.0,1.0,1.0,2.0,3.0,4.0
833,1.0,4.0,2.0,3.0,10.0,1.0,2.0,1.0,1.0,67.0,1.0,3.0,1.0,6.0,7.0,8.0,1.0,1.0,2.0,4.0,4.0
834,1.0,3.0,4.0,5.0,14.0,1.0,2.0,1.0,2.0,52.0,4.0,2.0,5.0,1.0,10.0,5.0,1.0,1.0,2.0,3.0,4.0
835,0.0,1.0,5.0,3.0,7.0,4.0,2.0,1.0,1.0,38.0,6.0,3.0,1.0,1.0,12.0,8.0,0.0,1.0,1.0,1.0,2.0
836,1.0,2.0,5.0,4.0,1.0,1.0,2.0,1.0,2.0,64.0,1.0,3.0,1.0,5.0,7.0,2.0,1.0,1.0,1.0,1.0,4.0
837,1.0,4.0,1.0,3.0,2.0,6.0,2.0,1.0,2.0,64.0,1.0,4.0,4.0,3.0,9.0,9.0,1.0,1.0,1.0,1.0,4.0
838,0.0,1.0,5.0,5.0,1.0,4.0,2.0,1.0,1.0,75.0,1.0,3.0,2.0,2.0,13.0,3.0,1.0,1.0,1.0,1.0,4.0
839,0.0,2.0,7.0,5.0,1.0,9.0,2.0,1.0,1.0,62.0,1.0,3.0,1.0,1.0,11.0,6.0,0.0,1.0,1.0,1.0,4.0
840,1.0,2.0,5.0,3.0,1.0,4.0,2.0,1.0,1.0,38.0,1.0,5.0,5.0,1.0,15.0,5.0,1.0,1.0,2.0,2.0,4.0
841,0.0,3.0,1.0,3.0,10.0,1.0,2.0,1.0,1.0,35.0,1.0,2.0,1.0,6.0,1.0,9.0,0.0,0.0,3.0,5.0,4.0
842,1.0,4.0,3.0,1.0,11.0,1.0,2.0,1.0,2.0,25.0,1.0,4.0,1.0,1.0,4.0,6.0,1.0,1.0,2.0,3.0,4.0
843,0.0,1.0,5.0,5.0,10.0,2.0,2.0,1.0,1.0,47.0,1.0,5.0,5.0,1.0,9.0,3.0,0.0,1.0,1.0,1.0,1.0
844,1.0,2.0,1.0,3.0,2.0,7.0,2.0,1.0,2.0,53.0,2.0,3.0,5.0,1.0,7.0,3.0,1.0,0.0,1.0,1.0,4.0
845,0.0,3.0,2.0,4.0,2.0,7.0,2.0,1.0,2.0,68.0,4.0,3.0,4.0,5.0,8.0,5.0,1.0,1.0,1.0,1.0,1.0
846,1.0,2.0,3.0,2.0,1.0,1.0,2.0,1.0,1.0,75.0,1.0,4.0,1.0,5.0,12.0,9.0,1.0,1.0,1.0,1.0,4.0
847,0.0,3.0,4.0,3.0,14.0,1.0,2.0,1.0,1.0,30.0,1.0,3.0,3.0,1.0,9.0,8.0,0.0,1.0,1.0,1.0,4.0
848,1.0,2.0,1.0,2.0,10.0,4.0,2.0,1.0,1.0,30.0,1.0,4.0,1.0,1.0,13.0,3.0,1.0,1.0,1.0,1.0,4.0
849,0.0,1.0,5.0,4.0,1.0,1.0,2.0,1.0,1.0,60.0,1.0,2.0,1.0,6.0,9.0,6.0,0.0,1.0,1.0,1.0,3.0
850,0.0,1.0,7.0,5.0,2.0,4.0,2.0,1.0,1.0,56.0,1.0,3.0,5.0,1.0,10.0,7.0,1.0,1.0,1.0,1.0,4.0
851,1.0,2.0,4.0,3.0,2.0,8.0,2.0,1.0,2.0,29.0,4.0,2.0,1.0,7.0,7.0,5.0,1.0,1.0,1.0,1.0,4.0
852,1.0,2.0,5.0,4.0,1.0,8.0,2.0,1.0,2.0,35.0,1.0,4.0,1.0,1.0,10.0,7.0,0.0,1.0,1.0,1.0,4.0
853,1.0,3.0,4.0,3.0,2.0,3.0,2.0,1.0,1.0,48.0,1.0,3.0,6.0,1.0,5.0,2.0,1.0,0.0,2.0,3.0,4.0
854,1.0,2.0,4.0,3.0,2.0,2.0,2.0,1.0,2.0,61.0,1.0,5.0,2.0,1.0,14.0,3.0,1.0,1.0,1.0,3.0,4.0
855,0.0,2.0,3.0,3.0,2.0,4.0,2.0,1.0,2.0,63.0,1.0,2.0,1.0,2.0,10.0,3.0,1.0,1.0,1.0,1.0,2.0
856,1.0,2.0,2.0,3.0,2.0,5.0,2.0,1.0,2.0,26.0,4.0,4.0,5.0,4.0,6.0,8.0,1.0,1.0,2.0,3.0,4.0
857,1.0,2.0,1.0,1.0,2.0,2.0,2.0,1.0,1.0,53.0,2.0,1.0,1.0,1.0,14.0,1.0,1.0,1.0,2.0,2.0,2.0
858,0.0,3.0,7.0,4.0,12.0,1.0,2.0,1.0,1.0,37.0,1.0,3.0,1.0,1.0,9.0,4.0,1.0,1.0,2.0,2.0,5.0
859,0.0,2.0,2.0,2.0,2.0,4.0,2.0,1.0,2.0,34.0,4.0,3.0,5.0,1.0,5.0,9.0,1.0,1.0,2.0,2.0,4.0
860,0.0,1.0,7.0,4.0,2.0,4.0,2.0,1.0,2.0,73.0,1.0,3.0,1.0,5.0,10.0,3.0,1.0,1.0,1.0,1.0,3.0
861,1.0,2.0,3.0,2.0,1.0,4.0,2.0,1.0,1.0,26.0,1.0,4.0,5.0,4.0,3.0,9.0,1.0,1.0,2.0,3.0,4.0
862,1.0,3.0,6.0,2.0,12.0,2.0,2.0,1.0,2.0,43.0,4.0,1.0,3.0,1.0,7.0,9.0,1.0,1.0,2.0,1.0,4.0
863,0.0,1.0,7.0,5.0,1.0,8.0,2.0,1.0,2.0,71.0,1.0,3.0,1.0,5.0,18.0,5.0,1.0,1.0,1.0,2.0,3.0
864,1.0,4.0,1.0,2.0,1.0,7.0,2.0,1.0,2.0,72.0,5.0,3.0,5.0,5.0,9.0,5.0,1.0,1.0,2.0,3.0,4.0
865,1.0,3.0,2.0,3.0,11.0,1.0,2.0,1.0,1.0,31.0,1.0,2.0,1.0,3.0,5.0,5.0,0.0,1.0,2.0,2.0,5.0
866,0.0,1.0,2.0,1.0,4.0,8.0,2.0,1.0,1.0,34.0,2.0,4.0,1.0,2.0,2.0,5.0,1.0,1.0,2.0,3.0,4.0
867,0.0,3.0,2.0,4.0,5.0,3.0,2.0,1.0,2.0,67.0,1.0,5.0,3.0,3.0,13.0,2.0,1.0,1.0,1.0,2.0,3.0
868,1.0,2.0,2.0,2.0,2.0,4.0,2.0,1.0,2.0,26.0,4.0,3.0,1.0,2.0,9.0,9.0,1.0,1.0,2.0,3.0,4.0
869,0.0,1.0,6.0,4.0,12.0,1.0,2.0,1.0,1.0,55.0,1.0,3.0,3.0,6.0,11.0,5.0,1.0,1.0,2.0,3.0,4.0
870,1.0,4.0,2.0,2.0,1.0,3.0,2.0,1.0,2.0,33.0,1.0,5.0,1.0,1.0,14.0,1.0,1.0,1.0,2.0,3.0,4.0
871,1.0,3.0,4.0,3.0,11.0,1.0,2.0,1.0,2.0,46.0,4.0,3.0,1.0,1.0,11.0,5.0,1.0,1.0,1.0,3.0,4.0
872,1.0,1.0,5.0,3.0,1.0,5.0,2.0,1.0,1.0,60.0,1.0,5.0,1.0,5.0,13.0,3.0,0.0,1.0,1.0,1.0,4.0
873,1.0,3.0,2.0,3.0,1.0,5.0,2.0,1.0,2.0,39.0,2.0,3.0,1.0,1.0,9.0,5.0,1.0,1.0,2.0,4.0,4.0
874,0.0,3.0,2.0,3.0,1.0,7.0,2.0,1.0,2.0,74.0,1.0,3.0,4.0,5.0,10.0,5.0,1.0,1.0,1.0,1.0,4.0
875,1.0,4.0,1.0,3.0,10.0,1.0,2.0,1.0,1.0,58.0,1.0,5.0,3.0,1.0,11.0,3.0,1.0,1.0,1.0,1.0,4.0
876,0.0,1.0,5.0,4.0,9.0,2.0,2.0,1.0,1.0,49.0,1.0,5.0,1.0,2.0,13.0,2.0,1.0,1.0,1.0,1.0,2.0
877,0.0,4.0,3.0,1.0,11.0,1.0,2.0,1.0,2.0,30.0,1.0,3.0,6.0,1.0,17.0,9.0,1.0,1.0,1.0,1.0,4.0
878,0.0,2.0,2.0,2.0,2.0,3.0,2.0,1.0,2.0,66.0,4.0,4.0,1.0,1.0,4.0,9.0,1.0,1.0,2.0,3.0,4.0
879,0.0,1.0,5.0,3.0,1.0,2.0,2.0,1.0,1.0,67.0,1.0,3.0,1.0,1.0,13.0,5.0,1.0,1.0,1.0,5.0,4.0
880,0.0,3.0,7.0,5.0,1.0,2.0,2.0,1.0,2.0,24.0,1.0,2.0,1.0,3.0,1.0,5.0,0.0,1.0,2.0,4.0,4.0
881,1.0,2.0,6.0,3.0,1.0,4.0,2.0,1.0,2.0,48.0,1.0,4.0,1.0,1.0,15.0,7.0,0.0,1.0,1.0,1.0,4.0
882,0.0,3.0,1.0,3.0,12.0,2.0,2.0,1.0,1.0,47.0,2.0,3.0,1.0,1.0,11.0,5.0,0.0,1.0,1.0,1.0,4.0
883,1.0,2.0,7.0,5.0,12.0,1.0,2.0,1.0,2.0,36.0,1.0,3.0,1.0,1.0,8.0,4.0,1.0,0.0,2.0,1.0,4.0
884,1.0,4.0,2.0,2.0,2.0,6.0,2.0,1.0,2.0,24.0,1.0,3.0,5.0,1.0,2.0,9.0,1.0,1.0,2.0,3.0,2.0
885,0.0,2.0,1.0,3.0,2.0,8.0,2.0,1.0,1.0,78.0,1.0,2.0,1.0,5.0,10.0,5.0,1.0,1.0,1.0,1.0,3.0
886,0.0,4.0,1.0,1.0,10.0,2.0,2.0,1.0,1.0,38.0,1.0,5.0,1.0,1.0,14.0,3.0,1.0,0.0,1.0,2.0,4.0
887,1.0,1.0,4.0,4.0,1.0,6.0,2.0,1.0,1.0,75.0,1.0,3.0,1.0,5.0,9.0,6.0,0.0,1.0,1.0,1.0,4.0
888,0.0,3.0,4.0,3.0,8.0,5.0,2.0,1.0,2.0,30.0,6.0,4.0,1.0,1.0,10.0,8.0,1.0,1.0,2.0,3.0,4.0
889,1.0,3.0,6.0,3.0,2.0,2.0,2.0,1.0,2.0,29.0,4.0,3.0,1.0,1.0,10.0,7.0,1.0,1.0,1.0,1.0,4.0
890,0.0,2.0,2.0,3.0,1.0,8.0,2.0,1.0,1.0,42.0,1.0,4.0,1.0,1.0,9.0,4.0,1.0,1.0,1.0,1.0,4.0
891,0.0,3.0,2.0,3.0,6.0,1.0,2.0,1.0,1.0,34.0,2.0,3.0,5.0,1.0,13.0,2.0,1.0,1.0,2.0,3.0,4.0
892,0.0,2.0,7.0,5.0,1.0,9.0,2.0,1.0,2.0,62.0,1.0,5.0,1.0,5.0,12.0,4.0,1.0,1.0,1.0,3.0,4.0
893,0.0,2.0,4.0,3.0,1.0,7.0,2.0,1.0,1.0,24.0,2.0,3.0,5.0,1.0,7.0,4.0,1.0,0.0,1.0,1.0,2.0
894,0.0,3.0,4.0,3.0,6.0,8.0,2.0,1.0,2.0,58.0,2.0,4.0,5.0,4.0,3.0,8.0,1.0,1.0,2.0,3.0,4.0
895,1.0,3.0,2.0,4.0,12.0,6.0,2.0,1.0,1.0,34.0,1.0,3.0,1.0,1.0,11.0,3.0,1.0,1.0,1.0,1.0,4.0
896,0.0,1.0,7.0,4.0,1.0,7.0,2.0,1.0,2.0,64.0,1.0,3.0,1.0,1.0,11.0,4.0,1.0,1.0,1.0,1.0,3.0
897,1.0,1.0,6.0,3.0,10.0,2.0,2.0,1.0,1.0,44.0,4.0,3.0,1.0,1.0,11.0,6.0,0.0,1.0,1.0,1.0,4.0
898,1.0,3.0,3.0,3.0,2.0,3.0,2.0,1.0,2.0,60.0,1.0,4.0,3.0,6.0,9.0,1.0,1.0,1.0,1.0,1.0,4.0
899,1.0,4.0,1.0,3.0,2.0,8.0,2.0,1.0,1.0,70.0,4.0,3.0,1.0,5.0,11.0,8.0,1.0,1.0,1.0,1.0,3.0
900,0.0,5.0,7.0,5.0,1.0,1.0,2.0,1.0,1.0,74.0,1.0,3.0,1.0,1.0,14.0,5.0,1.0,0.0,3.0,1.0,2.0
901,0.0,3.0,2.0,3.0,12.0,4.0,2.0,1.0,1.0,35.0,4.0,3.0,5.0,1.0,8.0,1.0,1.0,1.0,2.0,1.0,2.0
902,0.0,3.0,6.0,4.0,2.0,4.0,2.0,1.0,2.0,67.0,1.0,3.0,1.0,5.0,7.0,7.0,1.0,1.0,1.0,1.0,3.0
903,1.0,1.0,7.0,5.0,1.0,9.0,2.0,1.0,1.0,72.0,1.0,3.0,1.0,3.0,7.0,3.0,0.0,1.0,1.0,1.0,3.0
904,1.0,1.0,5.0,3.0,12.0,1.0,2.0,1.0,2.0,22.0,1.0,3.0,5.0,7.0,6.0,5.0,1.0,1.0,1.0,3.0,4.0
905,0.0,3.0,2.0,4.0,1.0,3.0,2.0,1.0,2.0,64.0,1.0,2.0,1.0,6.0,3.0,5.0,1.0,1.0,1.0,1.0,2.0
906,0.0,1.0,7.0,3.0,2.0,3.0,2.0,1.0,1.0,77.0,1.0,3.0,1.0,5.0,7.0,5.0,1.0,1.0,1.0,1.0,2.0
907,1.0,4.0,2.0,3.0,2.0,8.0,2.0,1.0,2.0,71.0,1.0,4.0,1.0,5.0,12.0,2.0,1.0,1.0,1.0,1.0,2.0
908,0.0,1.0,6.0,4.0,3.0,1.0,2.0,1.0,1.0,38.0,1.0,2.0,1.0,1.0,7.0,8.0,1.0,0.0,1.0,2.0,3.0
909,0.0,2.0,6.0,4.0,1.0,3.0,2.0,1.0,1.0,22.0,1.0,4.0,5.0,1.0,4.0,3.0,1.0,1.0,2.0,3.0,4.0
910,1.0,3.0,1.0,1.0,10.0,1.0,2.0,1.0,2.0,54.0,1.0,4.0,2.0,1.0,4.0,3.0,1.0,1.0,1.0,1.0,2.0
911,0.0,4.0,1.0,2.0,11.0,3.0,2.0,1.0,2.0,50.0,1.0,4.0,6.0,1.0,14.0,3.0,1.0,1.0,1.0,1.0,4.0
912,0.0,1.0,3.0,2.0,10.0,1.0,2.0,1.0,1.0,57.0,1.0,4.0,5.0,1.0,5.0,5.0,1.0,1.0,1.0,1.0,4.0
913,0.0,3.0,3.0,3.0,1.0,7.0,2.0,1.0,1.0,63.0,1.0,4.0,1.0,5.0,14.0,6.0,1.0,1.0,1.0,1.0,3.0
914,1.0,2.0,4.0,4.0,11.0,3.0,2.0,1.0,2.0,44.0,1.0,3.0,3.0,6.0,6.0,8.0,1.0,1.0,2.0,4.0,4.0
915,0.0,3.0,1.0,3.0,7.0,3.0,2.0,1.0,2.0,46.0,4.0,3.0,1.0,1.0,11.0,9.0,1.0,1.0,1.0,1.0,4.0
916,1.0,2.0,1.0,3.0,1.0,5.0,2.0,1.0,1.0,31.0,1.0,4.0,1.0,1.0,14.0,9.0,1.0,1.0,1.0,1.0,2.0
917,0.0,5.0,1.0,1.0,2.0,4.0,2.0,1.0,1.0,70.0,4.0,3.0,1.0,5.0,8.0,9.0,1.0,1.0,1.0,1.0,3.0
918,0.0,2.0,4.0,5.0,2.0,8.0,2.0,1.0,2.0,35.0,1.0,4.0,5.0,1.0,10.0,3.0,1.0,1.0,2.0,3.0,2.0
919,1.0,1.0,7.0,4.0,9.0,1.0,2.0,1.0,1.0,66.0,1.0,4.0,1.0,2.0,6.0,6.0,1.0,1.0,1.0,1.0,4.0
920,1.0,1.0,6.0,4.0,11.0,1.0,2.0,1.0,1.0,49.0,1.0,3.0,5.0,1.0,13.0,8.0,1.0,1.0,2.0,3.0,4.0
921,1.0,2.0,5.0,3.0,14.0,3.0,2.0,1.0,2.0,43.0,1.0,3.0,1.0,6.0,9.0,2.0,0.0,1.0,1.0,1.0,3.0
922,0.0,4.0,3.0,3.0,1.0,8.0,2.0,1.0,2.0,67.0,1.0,5.0,5.0,5.0,9.0,3.0,1.0,1.0,1.0,1.0,2.0
923,0.0,3.0,1.0,3.0,2.0,3.0,2.0,1.0,2.0,76.0,1.0,2.0,4.0,5.0,8.0,2.0,1.0,1.0,1.0,1.0,2.0
924,0.0,3.0,3.0,3.0,12.0,2.0,2.0,1.0,2.0,49.0,1.0,3.0,1.0,1.0,13.0,3.0,1.0,1.0,1.0,1.0,4.0
925,0.0,3.0,1.0,2.0,11.0,1.0,2.0,1.0,1.0,57.0,1.0,3.0,2.0,5.0,7.0,4.0,0.0,0.0,1.0,4.0,4.0
926,1.0,2.0,3.0,3.0,3.0,7.0,2.0,1.0,2.0,73.0,1.0,5.0,2.0,5.0,16.0,9.0,1.0,1.0,1.0,1.0,3.0
927,0.0,2.0,2.0,4.0,1.0,9.0,2.0,1.0,2.0,73.0,2.0,4.0,1.0,5.0,5.0,5.0,1.0,1.0,1.0,1.0,3.0
928,0.0,1.0,1.0,2.0,2.0,6.0,2.0,1.0,2.0,30.0,4.0,2.0,1.0,1.0,7.0,3.0,1.0,1.0,2.0,3.0,4.0
929,1.0,4.0,6.0,3.0,3.0,8.0,2.0,1.0,2.0,71.0,1.0,3.0,1.0,5.0,15.0,8.0,1.0,1.0,1.0,1.0,4.0
930,1.0,4.0,3.0,3.0,1.0,2.0,2.0,1.0,2.0,26.0,1.0,4.0,5.0,1.0,11.0,2.0,1.0,1.0,2.0,3.0,4.0
931,0.0,4.0,1.0,2.0,11.0,3.0,2.0,1.0,2.0,23.0,1.0,4.0,5.0,7.0,18.0,9.0,1.0,0.0,1.0,1.0,2.0
932,0.0,1.0,6.0,3.0,3.0,8.0,2.0,1.0,1.0,40.0,3.0,3.0,4.0,1.0,6.0,8.0,0.0,0.0,1.0,1.0,4.0
933,0.0,1.0,5.0,3.0,2.0,4.0,2.0,1.0,2.0,56.0,4.0,3.0,1.0,2.0,14.0,2.0,1.0,1.0,1.0,1.0,3.0
934,0.0,3.0,1.0,3.0,1.0,7.0,2.0,1.0,1.0,82.0,1.0,2.0,1.0,5.0,9.0,9.0,1.0,1.0,1.0,1.0,1.0
935,0.0,1.0,5.0,5.0,14.0,9.0,2.0,1.0,1.0,40.0,1.0,4.0,1.0,1.0,10.0,2.0,1.0,1.0,1.0,1.0,4.0
936,1.0,2.0,4.0,3.0,12.0,4.0,2.0,1.0,1.0,59.0,1.0,4.0,4.0,1.0,11.0,9.0,1.0,1.0,1.0,1.0,4.0
937,0.0,2.0,7.0,4.0,1.0,7.0,2.0,1.0,1.0,55.0,1.0,3.0,3.0,1.0,9.0,4.0,1.0,1.0,1.0,1.0,2.0
938,1.0,4.0,4.0,2.0,10.0,3.0,2.0,1.0,1.0,36.0,2.0,2.0,1.0,1.0,10.0,1.0,1.0,0.0,2.0,3.0,4.0
939,0.0,2.0,1.0,3.0,12.0,8.0,2.0,1.0,2.0,66.0,1.0,2.0,3.0,5.0,3.0,1.0,1.0,0.0,2.0,3.0,4.0
940,0.0,1.0,3.0,2.0,10.0,1.0,2.0,1.0,1.0,49.0,4.0,3.0,5.0,1.0,11.0,5.0,1.0,1.0,2.0,3.0,4.0
941,1.0,1.0,7.0,5.0,2.0,8.0,2.0,1.0,1.0,43.0,1.0,3.0,1.0,2.0,11.0,8.0,0.0,1.0,1.0,1.0,4.0
942,1.0,5.0,3.0,2.0,11.0,1.0,2.0,1.0,1.0,40.0,4.0,3.0,1.0,1.0,13.0,8.0,1.0,1.0,1.0,1.0,4.0
943,0.0,2.0,4.0,2.0,11.0,1.0,2.0,1.0,2.0,34.0,4.0,1.0,4.0,1.0,18.0,8.0,1.0,1.0,1.0,1.0,4.0
944,1.0,4.0,1.0,1.0,9.0,2.0,2.0,1.0,1.0,34.0,1.0,5.0,5.0,1.0,9.0,4.0,1.0,1.0,2.0,3.0,4.0
945,0.0,1.0,7.0,5.0,1.0,8.0,2.0,1.0,1.0,68.0,1.0,3.0,3.0,5.0,6.0,7.0,1.0,1.0,1.0,1.0,4.0
946,1.0,2.0,3.0,3.0,14.0,8.0,2.0,1.0,2.0,36.0,1.0,4.0,5.0,1.0,6.0,8.0,1.0,1.0,1.0,3.0,4.0
947,1.0,2.0,1.0,3.0,1.0,3.0,2.0,1.0,1.0,64.0,1.0,4.0,1.0,5.0,15.0,8.0,1.0,1.0,2.0,2.0,4.0
948,1.0,1.0,5.0,4.0,3.0,1.0,2.0,1.0,1.0,21.0,1.0,3.0,5.0,1.0,13.0,9.0,1.0,1.0,2.0,1.0,4.0
949,1.0,2.0,3.0,3.0,2.0,2.0,2.0,1.0,2.0,30.0,1.0,3.0,1.0,1.0,9.0,3.0,0.0,1.0,1.0,1.0,4.0
950,0.0,1.0,7.0,3.0,2.0,2.0,2.0,1.0,2.0,39.0,1.0,4.0,5.0,1.0,10.0,2.0,1.0,1.0,1.0,3.0,4.0
951,1.0,5.0,6.0,3.0,14.0,7.0,2.0,1.0,1.0,32.0,1.0,3.0,6.0,1.0,14.0,9.0,1.0,1.0,2.0,3.0,4.0
952,1.0,3.0,2.0,3.0,12.0,7.0,2.0,1.0,2.0,35.0,2.0,5.0,1.0,1.0,18.0,5.0,1.0,1.0,1.0,1.0,4.0
953,0.0,1.0,2.0,2.0,1.0,1.0,2.0,1.0,1.0,72.0,1.0,2.0,1.0,5.0,6.0,3.0,0.0,1.0,1.0,1.0,3.0
954,0.0,2.0,5.0,5.0,12.0,7.0,2.0,1.0,2.0,56.0,1.0,3.0,4.0,1.0,6.0,5.0,0.0,1.0,3.0,2.0,4.0
955,0.0,2.0,3.0,2.0,2.0,8.0,2.0,1.0,2.0,73.0,1.0,3.0,3.0,2.0,12.0,2.0,1.0,1.0,1.0,3.0,4.0
956,1.0,2.0,4.0,3.0,7.0,1.0,2.0,1.0,1.0,33.0,5.0,3.0,5.0,1.0,9.0,9.0,1.0,1.0,2.0,3.0,5.0
957,0.0,2.0,7.0,5.0,2.0,8.0,2.0,1.0,1.0,39.0,1.0,4.0,5.0,1.0,9.0,8.0,1.0,1.0,1.0,2.0,4.0
958,0.0,2.0,2.0,2.0,2.0,3.0,2.0,1.0,2.0,62.0,1.0,3.0,5.0,1.0,5.0,2.0,1.0,0.0,3.0,2.0,4.0
959,1.0,4.0,4.0,3.0,11.0,1.0,2.0,1.0,2.0,36.0,1.0,4.0,1.0,1.0,18.0,3.0,1.0,1.0,1.0,1.0,4.0
960,1.0,2.0,4.0,3.0,11.0,1.0,2.0,1.0,2.0,33.0,1.0,3.0,4.0,1.0,7.0,7.0,0.0,1.0,2.0,1.0,4.0
961,1.0,2.0,1.0,2.0,1.0,8.0,2.0,1.0,2.0,65.0,4.0,5.0,2.0,1.0,11.0,5.0,1.0,1.0,1.0,1.0,3.0
962,1.0,2.0,6.0,3.0,11.0,1.0,2.0,1.0,1.0,57.0,1.0,2.0,1.0,2.0,15.0,8.0,0.0,1.0,1.0,1.0,2.0
963,1.0,3.0,4.0,-1.0,14.0,9.0,2.0,1.0,1.0,22.0,4.0,3.0,5.0,2.0,7.0,9.0,1.0,1.0,2.0,3.0,2.0
964,1.0,3.0,3.0,1.0,11.0,1.0,2.0,1.0,1.0,24.0,4.0,3.0,6.0,6.0,11.0,9.0,1.0,1.0,2.0,3.0,4.0
965,1.0,1.0,7.0,5.0,1.0,9.0,2.0,1.0,2.0,46.0,4.0,4.0,1.0,1.0,13.0,5.0,0.0,1.0,1.0,1.0,4.0
966,0.0,3.0,4.0,3.0,12.0,2.0,2.0,1.0,1.0,34.0,2.0,2.0,1.0,1.0,6.0,5.0,1.0,1.0,1.0,3.0,4.0
967,0.0,1.0,7.0,5.0,12.0,8.0,2.0,1.0,1.0,52.0,4.0,2.0,1.0,1.0,12.0,9.0,1.0,0.0,1.0,2.0,2.0
968,1.0,2.0,1.0,1.0,11.0,1.0,2.0,1.0,2.0,26.0,5.0,3.0,5.0,1.0,10.0,8.0,1.0,0.0,2.0,1.0,4.0
969,1.0,3.0,5.0,-1.0,12.0,3.0,2.0,1.0,2.0,25.0,1.0,1.0,6.0,4.0,3.0,2.0,0.0,1.0,2.0,2.0,4.0
970,0.0,3.0,4.0,4.0,2.0,3.0,2.0,1.0,1.0,58.0,1.0,2.0,1.0,1.0,11.0,1.0,1.0,1.0,2.0,3.0,3.0
971,0.0,2.0,4.0,3.0,12.0,1.0,2.0,1.0,2.0,27.0,2.0,2.0,5.0,3.0,2.0,3.0,1.0,0.0,2.0,3.0,4.0
972,1.0,3.0,4.0,5.0,9.0,3.0,2.0,1.0,1.0,70.0,1.0,3.0,1.0,5.0,6.0,9.0,0.0,1.0,2.0,1.0,2.0
973,0.0,1.0,7.0,4.0,1.0,5.0,2.0,1.0,1.0,45.0,1.0,2.0,5.0,6.0,2.0,5.0,1.0,0.0,3.0,1.0,2.0
974,1.0,3.0,3.0,2.0,2.0,4.0,2.0,1.0,1.0,24.0,4.0,2.0,5.0,1.0,5.0,9.0,1.0,1.0,2.0,3.0,4.0
975,0.0,2.0,2.0,3.0,12.0,2.0,2.0,1.0,1.0,40.0,1.0,2.0,1.0,3.0,14.0,2.0,1.0,1.0,1.0,1.0,2.0
976,0.0,1.0,7.0,5.0,1.0,9.0,2.0,1.0,2.0,39.0,4.0,4.0,1.0,1.0,12.0,9.0,1.0,1.0,2.0,2.0,2.0
977,0.0,2.0,3.0,3.0,11.0,1.0,2.0,1.0,2.0,62.0,1.0,4.0,1.0,5.0,15.0,2.0,1.0,1.0,1.0,1.0,2.0
978,1.0,2.0,2.0,2.0,1.0,4.0,2.0,1.0,1.0,27.0,2.0,3.0,6.0,1.0,9.0,3.0,1.0,0.0,2.0,3.0,4.0
979,1.0,2.0,1.0,3.0,1.0,8.0,2.0,1.0,2.0,78.0,1.0,2.0,1.0,5.0,11.0,5.0,1.0,1.0,1.0,1.0,2.0
980,0.0,1.0,4.0,3.0,9.0,1.0,2.0,1.0,2.0,62.0,1.0,3.0,5.0,5.0,5.0,2.0,1.0,1.0,1.0,2.0,4.0
981,0.0,3.0,3.0,2.0,1.0,1.0,2.0,1.0,1.0,66.0,2.0,3.0,3.0,1.0,12.0,5.0,1.0,1.0,1.0,1.0,2.0
982,1.0,5.0,7.0,5.0,1.0,4.0,2.0,1.0,1.0,68.0,1.0,3.0,4.0,5.0,7.0,1.0,0.0,1.0,2.0,1.0,4.0
983,0.0,2.0,1.0,2.0,14.0,1.0,2.0,1.0,2.0,60.0,4.0,3.0,3.0,2.0,9.0,2.0,1.0,1.0,3.0,2.0,4.0
984,1.0,2.0,6.0,4.0,1.0,3.0,2.0,1.0,2.0,38.0,1.0,4.0,1.0,1.0,14.0,3.0,0.0,1.0,1.0,1.0,4.0
985,1.0,1.0,1.0,3.0,2.0,4.0,2.0,1.0,2.0,65.0,1.0,3.0,1.0,5.0,10.0,3.0,1.0,1.0,1.0,1.0,2.0
986,1.0,1.0,7.0,4.0,2.0,4.0,2.0,1.0,2.0,70.0,1.0,4.0,2.0,5.0,7.0,3.0,1.0,1.0,1.0,1.0,3.0
987,0.0,1.0,7.0,4.0,1.0,6.0,2.0,1.0,1.0,44.0,1.0,2.0,1.0,1.0,11.0,1.0,1.0,1.0,1.0,1.0,2.0
988,0.0,3.0,7.0,3.0,12.0,3.0,2.0,1.0,2.0,45.0,1.0,3.0,1.0,1.0,13.0,8.0,1.0,1.0,1.0,1.0,4.0
989,0.0,3.0,1.0,2.0,1.0,2.0,2.0,1.0,1.0,33.0,2.0,3.0,6.0,7.0,7.0,7.0,1.0,1.0,2.0,3.0,4.0
990,1.0,2.0,5.0,4.0,12.0,1.0,2.0,1.0,2.0,61.0,1.0,3.0,3.0,1.0,10.0,1.0,1.0,1.0,1.0,1.0,4.0
991,1.0,3.0,2.0,2.0,12.0,4.0,2.0,1.0,2.0,32.0,2.0,3.0,5.0,1.0,8.0,5.0,0.0,0.0,2.0,3.0,4.0
992,1.0,1.0,5.0,3.0,10.0,1.0,2.0,1.0,1.0,59.0,1.0,3.0,1.0,1.0,9.0,3.0,1.0,1.0,1.0,1.0,2.0
993,1.0,4.0,2.0,3.0,1.0,8.0,2.0,1.0,2.0,60.0,1.0,3.0,1.0,4.0,10.0,4.0,1.0,1.0,1.0,1.0,4.0
994,0.0,2.0,4.0,3.0,7.0,2.0,2.0,1.0,2.0,65.0,1.0,3.0,6.0,2.0,10.0,7.0,1.0,1.0,1.0,1.0,4.0
995,1.0,4.0,2.0,3.0,1.0,8.0,2.0,1.0,2.0,45.0,2.0,3.0,3.0,6.0,13.0,3.0,1.0,0.0,1.0,1.0,4.0
996,1.0,1.0,2.0,4.0,5.0,3.0,2.0,1.0,2.0,76.0,1.0,3.0,1.0,5.0,13.0,5.0,1.0,1.0,1.0,3.0,2.0
997,0.0,1.0,6.0,4.0,3.0,8.0,2.0,1.0,2.0,62.0,4.0,4.0,1.0,5.0,11.0,7.0,1.0,1.0,1.0,3.0,4.0
